type,name,tax_id,ncbi_link
Bacteria,Abiotrophia defectiva,46125,https://www.ncbi.nlm.nih.gov/Taxonomy/Browser/wwwtax.cgi?mode=Info&amp;id=46125
Bacteria,Achromobacter xylosoxidans,85698,https://www.ncbi.nlm.nih.gov/Taxonomy/Browser/wwwtax.cgi?mode=Info&amp;id=85698
Bacteria,Acinetobacter baumannii,470,https://www.ncbi.nlm.nih.gov/Taxonomy/Browser/wwwtax.cgi?mode=Info&amp;id=470
Bacteria,Actinomadura madurae,1993,https://www.ncbi.nlm.nih.gov/Taxonomy/Browser/wwwtax.cgi?mode=Info&amp;id=1993
Bacteria,Actinomadura pelletieri,111805,https://www.ncbi.nlm.nih.gov/Taxonomy/Browser/wwwtax.cgi?mode=Info&amp;id=111805
Bacteria,Actinomyces gerencseriae,52769,https://www.ncbi.nlm.nih.gov/Taxonomy/Browser/wwwtax.cgi?mode=Info&amp;id=52769
Bacteria,Actinomyces israelii,1659,https://www.ncbi.nlm.nih.gov/Taxonomy/Browser/wwwtax.cgi?mode=Info&amp;id=1659
Bacteria,Actinotignum schaalii,59505,https://www.ncbi.nlm.nih.gov/Taxonomy/Browser/wwwtax.cgi?mode=Info&amp;id=59505
Bacteria,Aerococcus sanguinicola,119206,https://www.ncbi.nlm.nih.gov/Taxonomy/Browser/wwwtax.cgi?mode=Info&amp;id=119206
Bacteria,Aerococcus urinae,1376,https://www.ncbi.nlm.nih.gov/Taxonomy/Browser/wwwtax.cgi?mode=Info&amp;id=1376
Bacteria,Aeromonas caviae,648,https://www.ncbi.nlm.nih.gov/Taxonomy/Browser/wwwtax.cgi?mode=Info&amp;id=648
Bacteria,Aeromonas hydrophila,644,https://www.ncbi.nlm.nih.gov/Taxonomy/Browser/wwwtax.cgi?mode=Info&amp;id=644
Bacteria,Aeromonas veronii,654,https://www.ncbi.nlm.nih.gov/Taxonomy/Browser/wwwtax.cgi?mode=Info&amp;id=654
Bacteria,Aggregatibacter actinomycetemcomitans,714,https://www.ncbi.nlm.nih.gov/Taxonomy/Browser/wwwtax.cgi?mode=Info&amp;id=714
Bacteria,Aggregatibacter aphrophilus,732,https://www.ncbi.nlm.nih.gov/Taxonomy/Browser/wwwtax.cgi?mode=Info&amp;id=732
Bacteria,Agrobacterium tumefaciens,358,https://www.ncbi.nlm.nih.gov/Taxonomy/Browser/wwwtax.cgi?mode=Info&amp;id=358
Bacteria,Aliarcobacter butzleri,28197,https://www.ncbi.nlm.nih.gov/Taxonomy/Browser/wwwtax.cgi?mode=Info&amp;id=28197
Bacteria,Anaerococcus prevotii,33034,https://www.ncbi.nlm.nih.gov/Taxonomy/Browser/wwwtax.cgi?mode=Info&amp;id=33034
Bacteria,Anaplasma phagocytophilum,948,https://www.ncbi.nlm.nih.gov/Taxonomy/Browser/wwwtax.cgi?mode=Info&amp;id=948
Bacteria,Arcanobacterium haemolyticum,28264,https://www.ncbi.nlm.nih.gov/Taxonomy/Browser/wwwtax.cgi?mode=Info&amp;id=28264
Bacteria,Bacillus anthracis,1392,https://www.ncbi.nlm.nih.gov/Taxonomy/Browser/wwwtax.cgi?mode=Info&amp;id=1392
Bacteria,Bacillus cereus,1396,https://www.ncbi.nlm.nih.gov/Taxonomy/Browser/wwwtax.cgi?mode=Info&amp;id=1396
Bacteria,Bacillus licheniformis,1402,https://www.ncbi.nlm.nih.gov/Taxonomy/Browser/wwwtax.cgi?mode=Info&amp;id=1402
Bacteria,Bartonella bacilliformis,774,https://www.ncbi.nlm.nih.gov/Taxonomy/Browser/wwwtax.cgi?mode=Info&amp;id=774
Bacteria,Bartonella clarridgeiae,56426,https://www.ncbi.nlm.nih.gov/Taxonomy/Browser/wwwtax.cgi?mode=Info&amp;id=56426
Bacteria,Bartonella elizabethae,807,https://www.ncbi.nlm.nih.gov/Taxonomy/Browser/wwwtax.cgi?mode=Info&amp;id=807
Bacteria,Bartonella grahamii,33045,https://www.ncbi.nlm.nih.gov/Taxonomy/Browser/wwwtax.cgi?mode=Info&amp;id=33045
Bacteria,Bartonella henselae,38323,https://www.ncbi.nlm.nih.gov/Taxonomy/Browser/wwwtax.cgi?mode=Info&amp;id=38323
Bacteria,Bartonella quintana,803,https://www.ncbi.nlm.nih.gov/Taxonomy/Browser/wwwtax.cgi?mode=Info&amp;id=803
Bacteria,Bordetella bronchiseptica,518,https://www.ncbi.nlm.nih.gov/Taxonomy/Browser/wwwtax.cgi?mode=Info&amp;id=518
Bacteria,Bordetella parapertussis,519,https://www.ncbi.nlm.nih.gov/Taxonomy/Browser/wwwtax.cgi?mode=Info&amp;id=519
Bacteria,Bordetella pertussis,520,https://www.ncbi.nlm.nih.gov/Taxonomy/Browser/wwwtax.cgi?mode=Info&amp;id=520
Bacteria,Borrelia duttonii,40834,https://www.ncbi.nlm.nih.gov/Taxonomy/Browser/wwwtax.cgi?mode=Info&amp;id=40834
Bacteria,Borrelia hermsii,140,https://www.ncbi.nlm.nih.gov/Taxonomy/Browser/wwwtax.cgi?mode=Info&amp;id=140
Bacteria,Borrelia miyamotoi,47466,https://www.ncbi.nlm.nih.gov/Taxonomy/Browser/wwwtax.cgi?mode=Info&amp;id=47466
Bacteria,Borrelia parkeri,141,https://www.ncbi.nlm.nih.gov/Taxonomy/Browser/wwwtax.cgi?mode=Info&amp;id=141
Bacteria,Borrelia recurrentis,44449,https://www.ncbi.nlm.nih.gov/Taxonomy/Browser/wwwtax.cgi?mode=Info&amp;id=44449
Bacteria,Borrelia turicatae,142,https://www.ncbi.nlm.nih.gov/Taxonomy/Browser/wwwtax.cgi?mode=Info&amp;id=142
Bacteria,Borreliella burgdorferi,139,https://www.ncbi.nlm.nih.gov/Taxonomy/Browser/wwwtax.cgi?mode=Info&amp;id=139
Bacteria,Borreliella mayonii,1674146,https://www.ncbi.nlm.nih.gov/Taxonomy/Browser/wwwtax.cgi?mode=Info&amp;id=1674146
Bacteria,Brachyspira hyodysenteriae,159,https://www.ncbi.nlm.nih.gov/Taxonomy/Browser/wwwtax.cgi?mode=Info&amp;id=159
Bacteria,Brevibacillus brevis,1393,https://www.ncbi.nlm.nih.gov/Taxonomy/Browser/wwwtax.cgi?mode=Info&amp;id=1393
Bacteria,Brucella abortus,235,https://www.ncbi.nlm.nih.gov/Taxonomy/Browser/wwwtax.cgi?mode=Info&amp;id=235
Bacteria,Brucella canis,36855,https://www.ncbi.nlm.nih.gov/Taxonomy/Browser/wwwtax.cgi?mode=Info&amp;id=36855
Bacteria,Brucella melitensis,29459,https://www.ncbi.nlm.nih.gov/Taxonomy/Browser/wwwtax.cgi?mode=Info&amp;id=29459
Bacteria,Brucella suis,29461,https://www.ncbi.nlm.nih.gov/Taxonomy/Browser/wwwtax.cgi?mode=Info&amp;id=29461
Bacteria,Burkholderia cenocepacia,95486,https://www.ncbi.nlm.nih.gov/Taxonomy/Browser/wwwtax.cgi?mode=Info&amp;id=95486
Bacteria,Burkholderia cepacia,292,https://www.ncbi.nlm.nih.gov/Taxonomy/Browser/wwwtax.cgi?mode=Info&amp;id=292
Bacteria,Burkholderia mallei,13373,https://www.ncbi.nlm.nih.gov/Taxonomy/Browser/wwwtax.cgi?mode=Info&amp;id=13373
Bacteria,Burkholderia pseudomallei,28450,https://www.ncbi.nlm.nih.gov/Taxonomy/Browser/wwwtax.cgi?mode=Info&amp;id=28450
Bacteria,Campylobacter coli,195,https://www.ncbi.nlm.nih.gov/Taxonomy/Browser/wwwtax.cgi?mode=Info&amp;id=195
Bacteria,Campylobacter curvus,200,https://www.ncbi.nlm.nih.gov/Taxonomy/Browser/wwwtax.cgi?mode=Info&amp;id=200
Bacteria,Campylobacter fetus,196,https://www.ncbi.nlm.nih.gov/Taxonomy/Browser/wwwtax.cgi?mode=Info&amp;id=196
Bacteria,Campylobacter jejuni,197,https://www.ncbi.nlm.nih.gov/Taxonomy/Browser/wwwtax.cgi?mode=Info&amp;id=197
Bacteria,Campylobacter lari,201,https://www.ncbi.nlm.nih.gov/Taxonomy/Browser/wwwtax.cgi?mode=Info&amp;id=201
Bacteria,Cardiobacterium hominis,2718,https://www.ncbi.nlm.nih.gov/Taxonomy/Browser/wwwtax.cgi?mode=Info&amp;id=2718
Bacteria,Chlamydia pneumoniae,83558,https://www.ncbi.nlm.nih.gov/Taxonomy/Browser/wwwtax.cgi?mode=Info&amp;id=83558
Bacteria,Chlamydia psittaci,83554,https://www.ncbi.nlm.nih.gov/Taxonomy/Browser/wwwtax.cgi?mode=Info&amp;id=83554
Bacteria,Chlamydia trachomatis,813,https://www.ncbi.nlm.nih.gov/Taxonomy/Browser/wwwtax.cgi?mode=Info&amp;id=813
Bacteria,Citrobacter freundii,546,https://www.ncbi.nlm.nih.gov/Taxonomy/Browser/wwwtax.cgi?mode=Info&amp;id=546
Bacteria,Clostridioides difficile,1496,https://www.ncbi.nlm.nih.gov/Taxonomy/Browser/wwwtax.cgi?mode=Info&amp;id=1496
Bacteria,Clostridium botulinum,1491,https://www.ncbi.nlm.nih.gov/Taxonomy/Browser/wwwtax.cgi?mode=Info&amp;id=1491
Bacteria,Clostridium perfringens,1502,https://www.ncbi.nlm.nih.gov/Taxonomy/Browser/wwwtax.cgi?mode=Info&amp;id=1502
Bacteria,Clostridium septicum,1504,https://www.ncbi.nlm.nih.gov/Taxonomy/Browser/wwwtax.cgi?mode=Info&amp;id=1504
Bacteria,Clostridium tetani,1513,https://www.ncbi.nlm.nih.gov/Taxonomy/Browser/wwwtax.cgi?mode=Info&amp;id=1513
Bacteria,Corynebacterium diphtheriae,1717,https://www.ncbi.nlm.nih.gov/Taxonomy/Browser/wwwtax.cgi?mode=Info&amp;id=1717
Bacteria,Corynebacterium minutissimum,38301,https://www.ncbi.nlm.nih.gov/Taxonomy/Browser/wwwtax.cgi?mode=Info&amp;id=38301
Bacteria,Corynebacterium striatum,43770,https://www.ncbi.nlm.nih.gov/Taxonomy/Browser/wwwtax.cgi?mode=Info&amp;id=43770
Bacteria,Corynebacterium ulcerans,65058,https://www.ncbi.nlm.nih.gov/Taxonomy/Browser/wwwtax.cgi?mode=Info&amp;id=65058
Bacteria,Coxiella burnetii,777,https://www.ncbi.nlm.nih.gov/Taxonomy/Browser/wwwtax.cgi?mode=Info&amp;id=777
Bacteria,Cronobacter sakazakii,28141,https://www.ncbi.nlm.nih.gov/Taxonomy/Browser/wwwtax.cgi?mode=Info&amp;id=28141
Bacteria,Cronobacter turicensis,413502,https://www.ncbi.nlm.nih.gov/Taxonomy/Browser/wwwtax.cgi?mode=Info&amp;id=413502
Bacteria,Edwardsiella tarda,636,https://www.ncbi.nlm.nih.gov/Taxonomy/Browser/wwwtax.cgi?mode=Info&amp;id=636
Bacteria,Ehrlichia chaffeensis,945,https://www.ncbi.nlm.nih.gov/Taxonomy/Browser/wwwtax.cgi?mode=Info&amp;id=945
Bacteria,Ehrlichia ewingii,947,https://www.ncbi.nlm.nih.gov/Taxonomy/Browser/wwwtax.cgi?mode=Info&amp;id=947
Bacteria,Ehrlichia muris,35795,https://www.ncbi.nlm.nih.gov/Taxonomy/Browser/wwwtax.cgi?mode=Info&amp;id=35795
Bacteria,Eikenella corrodens,539,https://www.ncbi.nlm.nih.gov/Taxonomy/Browser/wwwtax.cgi?mode=Info&amp;id=539
Bacteria,Elizabethkingia anophelis,1117645,https://www.ncbi.nlm.nih.gov/Taxonomy/Browser/wwwtax.cgi?mode=Info&amp;id=1117645
Bacteria,Elizabethkingia meningoseptica,238,https://www.ncbi.nlm.nih.gov/Taxonomy/Browser/wwwtax.cgi?mode=Info&amp;id=238
Bacteria,Enterobacter cloacae,550,https://www.ncbi.nlm.nih.gov/Taxonomy/Browser/wwwtax.cgi?mode=Info&amp;id=550
Bacteria,Enterococcus avium,33945,https://www.ncbi.nlm.nih.gov/Taxonomy/Browser/wwwtax.cgi?mode=Info&amp;id=33945
Bacteria,Enterococcus faecalis,1351,https://www.ncbi.nlm.nih.gov/Taxonomy/Browser/wwwtax.cgi?mode=Info&amp;id=1351
Bacteria,Enterococcus faecium,1352,https://www.ncbi.nlm.nih.gov/Taxonomy/Browser/wwwtax.cgi?mode=Info&amp;id=1352
Bacteria,Enterococcus gallinarum,1353,https://www.ncbi.nlm.nih.gov/Taxonomy/Browser/wwwtax.cgi?mode=Info&amp;id=1353
Bacteria,Erysipelothrix rhusiopathiae,1648,https://www.ncbi.nlm.nih.gov/Taxonomy/Browser/wwwtax.cgi?mode=Info&amp;id=1648
Bacteria,Escherichia coli,562,https://www.ncbi.nlm.nih.gov/Taxonomy/Browser/wwwtax.cgi?mode=Info&amp;id=562
Bacteria,Finegoldia magna,1260,https://www.ncbi.nlm.nih.gov/Taxonomy/Browser/wwwtax.cgi?mode=Info&amp;id=1260
Bacteria,Francisella tularensis,263,https://www.ncbi.nlm.nih.gov/Taxonomy/Browser/wwwtax.cgi?mode=Info&amp;id=263
Bacteria,Fusobacterium necrophorum,859,https://www.ncbi.nlm.nih.gov/Taxonomy/Browser/wwwtax.cgi?mode=Info&amp;id=859
Bacteria,Fusobacterium nucleatum,851,https://www.ncbi.nlm.nih.gov/Taxonomy/Browser/wwwtax.cgi?mode=Info&amp;id=851
Bacteria,Gardnerella vaginalis,2702,https://www.ncbi.nlm.nih.gov/Taxonomy/Browser/wwwtax.cgi?mode=Info&amp;id=2702
Bacteria,Haemophilus aegyptius,197575,https://www.ncbi.nlm.nih.gov/Taxonomy/Browser/wwwtax.cgi?mode=Info&amp;id=197575
Bacteria,Haemophilus influenzae,727,https://www.ncbi.nlm.nih.gov/Taxonomy/Browser/wwwtax.cgi?mode=Info&amp;id=727
Bacteria,Haemophilus parainfluenzae,729,https://www.ncbi.nlm.nih.gov/Taxonomy/Browser/wwwtax.cgi?mode=Info&amp;id=729
Bacteria,Helicobacter pylori,210,https://www.ncbi.nlm.nih.gov/Taxonomy/Browser/wwwtax.cgi?mode=Info&amp;id=210
Bacteria,Kingella denitrificans,502,https://www.ncbi.nlm.nih.gov/Taxonomy/Browser/wwwtax.cgi?mode=Info&amp;id=502
Bacteria,Kingella kingae,504,https://www.ncbi.nlm.nih.gov/Taxonomy/Browser/wwwtax.cgi?mode=Info&amp;id=504
Bacteria,Klebsiella aerogenes,548,https://www.ncbi.nlm.nih.gov/Taxonomy/Browser/wwwtax.cgi?mode=Info&amp;id=548
Bacteria,Klebsiella granulomatis,39824,https://www.ncbi.nlm.nih.gov/Taxonomy/Browser/wwwtax.cgi?mode=Info&amp;id=39824
Bacteria,Klebsiella oxytoca,571,https://www.ncbi.nlm.nih.gov/Taxonomy/Browser/wwwtax.cgi?mode=Info&amp;id=571
Bacteria,Klebsiella pneumoniae,573,https://www.ncbi.nlm.nih.gov/Taxonomy/Browser/wwwtax.cgi?mode=Info&amp;id=573
Bacteria,Legionella bozemanae,447,https://www.ncbi.nlm.nih.gov/Taxonomy/Browser/wwwtax.cgi?mode=Info&amp;id=447
Bacteria,Legionella micdadei,451,https://www.ncbi.nlm.nih.gov/Taxonomy/Browser/wwwtax.cgi?mode=Info&amp;id=451
Bacteria,Legionella pneumophila,446,https://www.ncbi.nlm.nih.gov/Taxonomy/Browser/wwwtax.cgi?mode=Info&amp;id=446
Bacteria,Leptospira alexanderi,100053,https://www.ncbi.nlm.nih.gov/Taxonomy/Browser/wwwtax.cgi?mode=Info&amp;id=100053
Bacteria,Leptospira alstonii,28452,https://www.ncbi.nlm.nih.gov/Taxonomy/Browser/wwwtax.cgi?mode=Info&amp;id=28452
Bacteria,Leptospira borgpetersenii,174,https://www.ncbi.nlm.nih.gov/Taxonomy/Browser/wwwtax.cgi?mode=Info&amp;id=174
Bacteria,Leptospira interrogans,173,https://www.ncbi.nlm.nih.gov/Taxonomy/Browser/wwwtax.cgi?mode=Info&amp;id=173
Bacteria,Leptospira kirschneri,29507,https://www.ncbi.nlm.nih.gov/Taxonomy/Browser/wwwtax.cgi?mode=Info&amp;id=29507
Bacteria,Leptospira kmetyi,408139,https://www.ncbi.nlm.nih.gov/Taxonomy/Browser/wwwtax.cgi?mode=Info&amp;id=408139
Bacteria,Leptospira mayottensis,1137606,https://www.ncbi.nlm.nih.gov/Taxonomy/Browser/wwwtax.cgi?mode=Info&amp;id=1137606
Bacteria,Leptospira noguchii,28182,https://www.ncbi.nlm.nih.gov/Taxonomy/Browser/wwwtax.cgi?mode=Info&amp;id=28182
Bacteria,Leptospira santarosai,28183,https://www.ncbi.nlm.nih.gov/Taxonomy/Browser/wwwtax.cgi?mode=Info&amp;id=28183
Bacteria,Leptospira weilii,28184,https://www.ncbi.nlm.nih.gov/Taxonomy/Browser/wwwtax.cgi?mode=Info&amp;id=28184
Bacteria,Listeria monocytogenes,1639,https://www.ncbi.nlm.nih.gov/Taxonomy/Browser/wwwtax.cgi?mode=Info&amp;id=1639
Bacteria,Malacoplasma penetrans,28227,https://www.ncbi.nlm.nih.gov/Taxonomy/Browser/wwwtax.cgi?mode=Info&amp;id=28227
Bacteria,Metamycoplasma hominis,2098,https://www.ncbi.nlm.nih.gov/Taxonomy/Browser/wwwtax.cgi?mode=Info&amp;id=2098
Bacteria,Metamycoplasma salivarium,2124,https://www.ncbi.nlm.nih.gov/Taxonomy/Browser/wwwtax.cgi?mode=Info&amp;id=2124
Bacteria,Methylorubrum extorquens,408,https://www.ncbi.nlm.nih.gov/Taxonomy/Browser/wwwtax.cgi?mode=Info&amp;id=408
Bacteria,Moraxella catarrhalis,480,https://www.ncbi.nlm.nih.gov/Taxonomy/Browser/wwwtax.cgi?mode=Info&amp;id=480
Bacteria,Moraxella lacunata,477,https://www.ncbi.nlm.nih.gov/Taxonomy/Browser/wwwtax.cgi?mode=Info&amp;id=477
Bacteria,Moraxella nonliquefaciens,478,https://www.ncbi.nlm.nih.gov/Taxonomy/Browser/wwwtax.cgi?mode=Info&amp;id=478
Bacteria,Morganella morganii,582,https://www.ncbi.nlm.nih.gov/Taxonomy/Browser/wwwtax.cgi?mode=Info&amp;id=582
Bacteria,Mycobacterium avium,1764,https://www.ncbi.nlm.nih.gov/Taxonomy/Browser/wwwtax.cgi?mode=Info&amp;id=1764
Bacteria,Mycobacterium intracellulare,1767,https://www.ncbi.nlm.nih.gov/Taxonomy/Browser/wwwtax.cgi?mode=Info&amp;id=1767
Bacteria,Mycobacterium kansasii,1768,https://www.ncbi.nlm.nih.gov/Taxonomy/Browser/wwwtax.cgi?mode=Info&amp;id=1768
Bacteria,Mycobacterium leprae,1769,https://www.ncbi.nlm.nih.gov/Taxonomy/Browser/wwwtax.cgi?mode=Info&amp;id=1769
Bacteria,Mycobacterium lepromatosis,480418,https://www.ncbi.nlm.nih.gov/Taxonomy/Browser/wwwtax.cgi?mode=Info&amp;id=480418
Bacteria,Mycobacterium malmoense,1780,https://www.ncbi.nlm.nih.gov/Taxonomy/Browser/wwwtax.cgi?mode=Info&amp;id=1780
Bacteria,Mycobacterium marinum,1781,https://www.ncbi.nlm.nih.gov/Taxonomy/Browser/wwwtax.cgi?mode=Info&amp;id=1781
Bacteria,Mycobacterium scrofulaceum,1783,https://www.ncbi.nlm.nih.gov/Taxonomy/Browser/wwwtax.cgi?mode=Info&amp;id=1783
Bacteria,Mycobacterium simiae,1784,https://www.ncbi.nlm.nih.gov/Taxonomy/Browser/wwwtax.cgi?mode=Info&amp;id=1784
Bacteria,Mycobacterium szulgai,1787,https://www.ncbi.nlm.nih.gov/Taxonomy/Browser/wwwtax.cgi?mode=Info&amp;id=1787
Bacteria,Mycobacterium tuberculosis,1773,https://www.ncbi.nlm.nih.gov/Taxonomy/Browser/wwwtax.cgi?mode=Info&amp;id=1773
Bacteria,Mycobacterium ulcerans,1809,https://www.ncbi.nlm.nih.gov/Taxonomy/Browser/wwwtax.cgi?mode=Info&amp;id=1809
Bacteria,Mycobacterium xenopi,1789,https://www.ncbi.nlm.nih.gov/Taxonomy/Browser/wwwtax.cgi?mode=Info&amp;id=1789
Bacteria,Mycobacteroides abscessus,36809,https://www.ncbi.nlm.nih.gov/Taxonomy/Browser/wwwtax.cgi?mode=Info&amp;id=36809
Bacteria,Mycobacteroides chelonae,1774,https://www.ncbi.nlm.nih.gov/Taxonomy/Browser/wwwtax.cgi?mode=Info&amp;id=1774
Bacteria,Mycolicibacter terrae,1788,https://www.ncbi.nlm.nih.gov/Taxonomy/Browser/wwwtax.cgi?mode=Info&amp;id=1788
Bacteria,Mycolicibacterium fortuitum,1766,https://www.ncbi.nlm.nih.gov/Taxonomy/Browser/wwwtax.cgi?mode=Info&amp;id=1766
Bacteria,Mycolicibacterium smegmatis,1772,https://www.ncbi.nlm.nih.gov/Taxonomy/Browser/wwwtax.cgi?mode=Info&amp;id=1772
Bacteria,Mycolicibacterium wolinskyi,59750,https://www.ncbi.nlm.nih.gov/Taxonomy/Browser/wwwtax.cgi?mode=Info&amp;id=59750
Bacteria,Mycoplasmoides genitalium,2097,https://www.ncbi.nlm.nih.gov/Taxonomy/Browser/wwwtax.cgi?mode=Info&amp;id=2097
Bacteria,Mycoplasmoides pneumoniae,2104,https://www.ncbi.nlm.nih.gov/Taxonomy/Browser/wwwtax.cgi?mode=Info&amp;id=2104
Bacteria,Mycoplasmopsis caviae,55603,https://www.ncbi.nlm.nih.gov/Taxonomy/Browser/wwwtax.cgi?mode=Info&amp;id=55603
Bacteria,Mycoplasmopsis fermentans,2115,https://www.ncbi.nlm.nih.gov/Taxonomy/Browser/wwwtax.cgi?mode=Info&amp;id=2115
Bacteria,Neisseria gonorrhoeae,485,https://www.ncbi.nlm.nih.gov/Taxonomy/Browser/wwwtax.cgi?mode=Info&amp;id=485
Bacteria,Neisseria meningitidis,487,https://www.ncbi.nlm.nih.gov/Taxonomy/Browser/wwwtax.cgi?mode=Info&amp;id=487
Bacteria,Neorickettsia sennetsu,951,https://www.ncbi.nlm.nih.gov/Taxonomy/Browser/wwwtax.cgi?mode=Info&amp;id=951
Bacteria,Nocardia asteroides,1824,https://www.ncbi.nlm.nih.gov/Taxonomy/Browser/wwwtax.cgi?mode=Info&amp;id=1824
Bacteria,Nocardia brasiliensis,37326,https://www.ncbi.nlm.nih.gov/Taxonomy/Browser/wwwtax.cgi?mode=Info&amp;id=37326
Bacteria,Nocardia farcinica,37329,https://www.ncbi.nlm.nih.gov/Taxonomy/Browser/wwwtax.cgi?mode=Info&amp;id=37329
Bacteria,Nocardia nova,37330,https://www.ncbi.nlm.nih.gov/Taxonomy/Browser/wwwtax.cgi?mode=Info&amp;id=37330
Bacteria,Nocardia otitidiscaviarum,1823,https://www.ncbi.nlm.nih.gov/Taxonomy/Browser/wwwtax.cgi?mode=Info&amp;id=1823
Bacteria,Orientia tsutsugamushi,784,https://www.ncbi.nlm.nih.gov/Taxonomy/Browser/wwwtax.cgi?mode=Info&amp;id=784
Bacteria,Paraclostridium bifermentans,1490,https://www.ncbi.nlm.nih.gov/Taxonomy/Browser/wwwtax.cgi?mode=Info&amp;id=1490
Bacteria,Parvimonas micra,33033,https://www.ncbi.nlm.nih.gov/Taxonomy/Browser/wwwtax.cgi?mode=Info&amp;id=33033
Bacteria,Pasteurella multocida,747,https://www.ncbi.nlm.nih.gov/Taxonomy/Browser/wwwtax.cgi?mode=Info&amp;id=747
Bacteria,Peptoniphilus asaccharolyticus,1258,https://www.ncbi.nlm.nih.gov/Taxonomy/Browser/wwwtax.cgi?mode=Info&amp;id=1258
Bacteria,Peptostreptococcus anaerobius,1261,https://www.ncbi.nlm.nih.gov/Taxonomy/Browser/wwwtax.cgi?mode=Info&amp;id=1261
Bacteria,Photobacterium damselae,38293,https://www.ncbi.nlm.nih.gov/Taxonomy/Browser/wwwtax.cgi?mode=Info&amp;id=38293
Bacteria,Plesiomonas shigelloides,703,https://www.ncbi.nlm.nih.gov/Taxonomy/Browser/wwwtax.cgi?mode=Info&amp;id=703
Bacteria,Porphyromonas gingivalis,837,https://www.ncbi.nlm.nih.gov/Taxonomy/Browser/wwwtax.cgi?mode=Info&amp;id=837
Bacteria,Prescottella equi,43767,https://www.ncbi.nlm.nih.gov/Taxonomy/Browser/wwwtax.cgi?mode=Info&amp;id=43767
Bacteria,Prevotella bivia,28125,https://www.ncbi.nlm.nih.gov/Taxonomy/Browser/wwwtax.cgi?mode=Info&amp;id=28125
Bacteria,Prevotella intermedia,28131,https://www.ncbi.nlm.nih.gov/Taxonomy/Browser/wwwtax.cgi?mode=Info&amp;id=28131
Bacteria,Prevotella melaninogenica,28132,https://www.ncbi.nlm.nih.gov/Taxonomy/Browser/wwwtax.cgi?mode=Info&amp;id=28132
Bacteria,Proteus mirabilis,584,https://www.ncbi.nlm.nih.gov/Taxonomy/Browser/wwwtax.cgi?mode=Info&amp;id=584
Bacteria,Proteus penneri,102862,https://www.ncbi.nlm.nih.gov/Taxonomy/Browser/wwwtax.cgi?mode=Info&amp;id=102862
Bacteria,Proteus vulgaris,585,https://www.ncbi.nlm.nih.gov/Taxonomy/Browser/wwwtax.cgi?mode=Info&amp;id=585
Bacteria,Providencia alcalifaciens,126385,https://www.ncbi.nlm.nih.gov/Taxonomy/Browser/wwwtax.cgi?mode=Info&amp;id=126385
Bacteria,Providencia rettgeri,587,https://www.ncbi.nlm.nih.gov/Taxonomy/Browser/wwwtax.cgi?mode=Info&amp;id=587
Bacteria,Pseudomonas aeruginosa,287,https://www.ncbi.nlm.nih.gov/Taxonomy/Browser/wwwtax.cgi?mode=Info&amp;id=287
Bacteria,Pseudomonas fluorescens,294,https://www.ncbi.nlm.nih.gov/Taxonomy/Browser/wwwtax.cgi?mode=Info&amp;id=294
Bacteria,Pseudomonas putida,303,https://www.ncbi.nlm.nih.gov/Taxonomy/Browser/wwwtax.cgi?mode=Info&amp;id=303
Bacteria,Ralstonia pickettii,329,https://www.ncbi.nlm.nih.gov/Taxonomy/Browser/wwwtax.cgi?mode=Info&amp;id=329
Bacteria,Rickettsia africae,35788,https://www.ncbi.nlm.nih.gov/Taxonomy/Browser/wwwtax.cgi?mode=Info&amp;id=35788
Bacteria,Rickettsia akari,786,https://www.ncbi.nlm.nih.gov/Taxonomy/Browser/wwwtax.cgi?mode=Info&amp;id=786
Bacteria,Rickettsia australis,787,https://www.ncbi.nlm.nih.gov/Taxonomy/Browser/wwwtax.cgi?mode=Info&amp;id=787
Bacteria,Rickettsia canadensis,788,https://www.ncbi.nlm.nih.gov/Taxonomy/Browser/wwwtax.cgi?mode=Info&amp;id=788
Bacteria,Rickettsia conorii,781,https://www.ncbi.nlm.nih.gov/Taxonomy/Browser/wwwtax.cgi?mode=Info&amp;id=781
Bacteria,Rickettsia felis,42862,https://www.ncbi.nlm.nih.gov/Taxonomy/Browser/wwwtax.cgi?mode=Info&amp;id=42862
Bacteria,Rickettsia helvetica,35789,https://www.ncbi.nlm.nih.gov/Taxonomy/Browser/wwwtax.cgi?mode=Info&amp;id=35789
Bacteria,Rickettsia honei,37816,https://www.ncbi.nlm.nih.gov/Taxonomy/Browser/wwwtax.cgi?mode=Info&amp;id=37816
Bacteria,Rickettsia japonica,35790,https://www.ncbi.nlm.nih.gov/Taxonomy/Browser/wwwtax.cgi?mode=Info&amp;id=35790
Bacteria,Rickettsia montanensis,33991,https://www.ncbi.nlm.nih.gov/Taxonomy/Browser/wwwtax.cgi?mode=Info&amp;id=33991
Bacteria,Rickettsia parkeri,35792,https://www.ncbi.nlm.nih.gov/Taxonomy/Browser/wwwtax.cgi?mode=Info&amp;id=35792
Bacteria,Rickettsia prowazekii,782,https://www.ncbi.nlm.nih.gov/Taxonomy/Browser/wwwtax.cgi?mode=Info&amp;id=782
Bacteria,Rickettsia rickettsii,783,https://www.ncbi.nlm.nih.gov/Taxonomy/Browser/wwwtax.cgi?mode=Info&amp;id=783
Bacteria,Rickettsia sibirica,35793,https://www.ncbi.nlm.nih.gov/Taxonomy/Browser/wwwtax.cgi?mode=Info&amp;id=35793
Bacteria,Rickettsia typhi,785,https://www.ncbi.nlm.nih.gov/Taxonomy/Browser/wwwtax.cgi?mode=Info&amp;id=785
Bacteria,Rothia dentocariosa,2047,https://www.ncbi.nlm.nih.gov/Taxonomy/Browser/wwwtax.cgi?mode=Info&amp;id=2047
Bacteria,Salmonella bongori,54736,https://www.ncbi.nlm.nih.gov/Taxonomy/Browser/wwwtax.cgi?mode=Info&amp;id=54736
Bacteria,Salmonella enterica,28901,https://www.ncbi.nlm.nih.gov/Taxonomy/Browser/wwwtax.cgi?mode=Info&amp;id=28901
Bacteria,Serratia marcescens,615,https://www.ncbi.nlm.nih.gov/Taxonomy/Browser/wwwtax.cgi?mode=Info&amp;id=615
Bacteria,Shewanella algae,38313,https://www.ncbi.nlm.nih.gov/Taxonomy/Browser/wwwtax.cgi?mode=Info&amp;id=38313
Bacteria,Shigella boydii,621,https://www.ncbi.nlm.nih.gov/Taxonomy/Browser/wwwtax.cgi?mode=Info&amp;id=621
Bacteria,Shigella dysenteriae,622,https://www.ncbi.nlm.nih.gov/Taxonomy/Browser/wwwtax.cgi?mode=Info&amp;id=622
Bacteria,Shigella flexneri,623,https://www.ncbi.nlm.nih.gov/Taxonomy/Browser/wwwtax.cgi?mode=Info&amp;id=623
Bacteria,Shigella sonnei,624,https://www.ncbi.nlm.nih.gov/Taxonomy/Browser/wwwtax.cgi?mode=Info&amp;id=624
Bacteria,Staphylococcus aureus,1280,https://www.ncbi.nlm.nih.gov/Taxonomy/Browser/wwwtax.cgi?mode=Info&amp;id=1280
Bacteria,Staphylococcus capitis,29388,https://www.ncbi.nlm.nih.gov/Taxonomy/Browser/wwwtax.cgi?mode=Info&amp;id=29388
Bacteria,Staphylococcus epidermidis,1282,https://www.ncbi.nlm.nih.gov/Taxonomy/Browser/wwwtax.cgi?mode=Info&amp;id=1282
Bacteria,Staphylococcus haemolyticus,1283,https://www.ncbi.nlm.nih.gov/Taxonomy/Browser/wwwtax.cgi?mode=Info&amp;id=1283
Bacteria,Staphylococcus lugdunensis,28035,https://www.ncbi.nlm.nih.gov/Taxonomy/Browser/wwwtax.cgi?mode=Info&amp;id=28035
Bacteria,Staphylococcus pseudintermedius,283734,https://www.ncbi.nlm.nih.gov/Taxonomy/Browser/wwwtax.cgi?mode=Info&amp;id=283734
Bacteria,Staphylococcus saccharolyticus,33028,https://www.ncbi.nlm.nih.gov/Taxonomy/Browser/wwwtax.cgi?mode=Info&amp;id=33028
Bacteria,Staphylococcus saprophyticus,29385,https://www.ncbi.nlm.nih.gov/Taxonomy/Browser/wwwtax.cgi?mode=Info&amp;id=29385
Bacteria,Stenotrophomonas maltophilia,40324,https://www.ncbi.nlm.nih.gov/Taxonomy/Browser/wwwtax.cgi?mode=Info&amp;id=40324
Bacteria,Streptobacillus moniliformis,34105,https://www.ncbi.nlm.nih.gov/Taxonomy/Browser/wwwtax.cgi?mode=Info&amp;id=34105
Bacteria,Streptococcus agalactiae,1311,https://www.ncbi.nlm.nih.gov/Taxonomy/Browser/wwwtax.cgi?mode=Info&amp;id=1311
Bacteria,Streptococcus anginosus,1328,https://www.ncbi.nlm.nih.gov/Taxonomy/Browser/wwwtax.cgi?mode=Info&amp;id=1328
Bacteria,Streptococcus criceti,1333,https://www.ncbi.nlm.nih.gov/Taxonomy/Browser/wwwtax.cgi?mode=Info&amp;id=1333
Bacteria,Streptococcus dysgalactiae,1334,https://www.ncbi.nlm.nih.gov/Taxonomy/Browser/wwwtax.cgi?mode=Info&amp;id=1334
Bacteria,Streptococcus equi,1336,https://www.ncbi.nlm.nih.gov/Taxonomy/Browser/wwwtax.cgi?mode=Info&amp;id=1336
Bacteria,Streptococcus equinus,1335,https://www.ncbi.nlm.nih.gov/Taxonomy/Browser/wwwtax.cgi?mode=Info&amp;id=1335
Bacteria,Streptococcus gordonii,1302,https://www.ncbi.nlm.nih.gov/Taxonomy/Browser/wwwtax.cgi?mode=Info&amp;id=1302
Bacteria,Streptococcus iniae,1346,https://www.ncbi.nlm.nih.gov/Taxonomy/Browser/wwwtax.cgi?mode=Info&amp;id=1346
Bacteria,Streptococcus mitis,28037,https://www.ncbi.nlm.nih.gov/Taxonomy/Browser/wwwtax.cgi?mode=Info&amp;id=28037
Bacteria,Streptococcus mutans,1309,https://www.ncbi.nlm.nih.gov/Taxonomy/Browser/wwwtax.cgi?mode=Info&amp;id=1309
Bacteria,Streptococcus oralis,1303,https://www.ncbi.nlm.nih.gov/Taxonomy/Browser/wwwtax.cgi?mode=Info&amp;id=1303
Bacteria,Streptococcus pneumoniae,1313,https://www.ncbi.nlm.nih.gov/Taxonomy/Browser/wwwtax.cgi?mode=Info&amp;id=1313
Bacteria,Streptococcus pyogenes,1314,https://www.ncbi.nlm.nih.gov/Taxonomy/Browser/wwwtax.cgi?mode=Info&amp;id=1314
Bacteria,Streptococcus sanguinis,1305,https://www.ncbi.nlm.nih.gov/Taxonomy/Browser/wwwtax.cgi?mode=Info&amp;id=1305
Bacteria,Streptococcus sobrinus,1310,https://www.ncbi.nlm.nih.gov/Taxonomy/Browser/wwwtax.cgi?mode=Info&amp;id=1310
Bacteria,Streptococcus suis,1307,https://www.ncbi.nlm.nih.gov/Taxonomy/Browser/wwwtax.cgi?mode=Info&amp;id=1307
Bacteria,Suttonella indologenes,13276,https://www.ncbi.nlm.nih.gov/Taxonomy/Browser/wwwtax.cgi?mode=Info&amp;id=13276
Bacteria,Tannerella forsythia,28112,https://www.ncbi.nlm.nih.gov/Taxonomy/Browser/wwwtax.cgi?mode=Info&amp;id=28112
Bacteria,Treponema denticola,158,https://www.ncbi.nlm.nih.gov/Taxonomy/Browser/wwwtax.cgi?mode=Info&amp;id=158
Bacteria,Treponema pallidum,160,https://www.ncbi.nlm.nih.gov/Taxonomy/Browser/wwwtax.cgi?mode=Info&amp;id=160
Bacteria,Treponema vincentii,69710,https://www.ncbi.nlm.nih.gov/Taxonomy/Browser/wwwtax.cgi?mode=Info&amp;id=69710
Bacteria,Tropheryma whipplei,2039,https://www.ncbi.nlm.nih.gov/Taxonomy/Browser/wwwtax.cgi?mode=Info&amp;id=2039
Bacteria,Trueperella pyogenes,1661,https://www.ncbi.nlm.nih.gov/Taxonomy/Browser/wwwtax.cgi?mode=Info&amp;id=1661
Bacteria,Ureaplasma parvum,134821,https://www.ncbi.nlm.nih.gov/Taxonomy/Browser/wwwtax.cgi?mode=Info&amp;id=134821
Bacteria,Ureaplasma urealyticum,2130,https://www.ncbi.nlm.nih.gov/Taxonomy/Browser/wwwtax.cgi?mode=Info&amp;id=2130
Bacteria,Vibrio alginolyticus,663,https://www.ncbi.nlm.nih.gov/Taxonomy/Browser/wwwtax.cgi?mode=Info&amp;id=663
Bacteria,Vibrio cholerae,666,https://www.ncbi.nlm.nih.gov/Taxonomy/Browser/wwwtax.cgi?mode=Info&amp;id=666
Bacteria,Vibrio parahaemolyticus,670,https://www.ncbi.nlm.nih.gov/Taxonomy/Browser/wwwtax.cgi?mode=Info&amp;id=670
Bacteria,Vibrio vulnificus,672,https://www.ncbi.nlm.nih.gov/Taxonomy/Browser/wwwtax.cgi?mode=Info&amp;id=672
Bacteria,Yersinia enterocolitica,630,https://www.ncbi.nlm.nih.gov/Taxonomy/Browser/wwwtax.cgi?mode=Info&amp;id=630
Bacteria,Yersinia pestis,632,https://www.ncbi.nlm.nih.gov/Taxonomy/Browser/wwwtax.cgi?mode=Info&amp;id=632
Bacteria,Yersinia pseudotuberculosis,633,https://www.ncbi.nlm.nih.gov/Taxonomy/Browser/wwwtax.cgi?mode=Info&amp;id=633
Bacteria,[Haemophilus] ducreyi,730,https://www.ncbi.nlm.nih.gov/Taxonomy/Browser/wwwtax.cgi?mode=Info&amp;id=730
Eukaryote,Acanthamoeba astronyxis,65658,https://www.ncbi.nlm.nih.gov/Taxonomy/Browser/wwwtax.cgi?mode=Info&amp;id=65658
Eukaryote,Acanthamoeba castellanii,5755,https://www.ncbi.nlm.nih.gov/Taxonomy/Browser/wwwtax.cgi?mode=Info&amp;id=5755
Eukaryote,Acanthamoeba culbertsoni,43142,https://www.ncbi.nlm.nih.gov/Taxonomy/Browser/wwwtax.cgi?mode=Info&amp;id=43142
Eukaryote,Acanthamoeba divionensis,202919,https://www.ncbi.nlm.nih.gov/Taxonomy/Browser/wwwtax.cgi?mode=Info&amp;id=202919
Eukaryote,Acanthamoeba hatchetti,65660,https://www.ncbi.nlm.nih.gov/Taxonomy/Browser/wwwtax.cgi?mode=Info&amp;id=65660
Eukaryote,Acanthamoeba lenticulata,29196,https://www.ncbi.nlm.nih.gov/Taxonomy/Browser/wwwtax.cgi?mode=Info&amp;id=29196
Eukaryote,Acanthamoeba lugdunensis,61605,https://www.ncbi.nlm.nih.gov/Taxonomy/Browser/wwwtax.cgi?mode=Info&amp;id=61605
Eukaryote,Acanthamoeba polyphaga,5757,https://www.ncbi.nlm.nih.gov/Taxonomy/Browser/wwwtax.cgi?mode=Info&amp;id=5757
Eukaryote,Acanthamoeba rhysodes,32599,https://www.ncbi.nlm.nih.gov/Taxonomy/Browser/wwwtax.cgi?mode=Info&amp;id=32599
Eukaryote,Adenocephalus pacificus,372152,https://www.ncbi.nlm.nih.gov/Taxonomy/Browser/wwwtax.cgi?mode=Info&amp;id=372152
Eukaryote,Alternaria alternata,5599,https://www.ncbi.nlm.nih.gov/Taxonomy/Browser/wwwtax.cgi?mode=Info&amp;id=5599
Eukaryote,Alternaria brassicicola,29001,https://www.ncbi.nlm.nih.gov/Taxonomy/Browser/wwwtax.cgi?mode=Info&amp;id=29001
Eukaryote,Ancylostoma braziliense,369059,https://www.ncbi.nlm.nih.gov/Taxonomy/Browser/wwwtax.cgi?mode=Info&amp;id=369059
Eukaryote,Ancylostoma caninum,29170,https://www.ncbi.nlm.nih.gov/Taxonomy/Browser/wwwtax.cgi?mode=Info&amp;id=29170
Eukaryote,Ancylostoma ceylanicum,53326,https://www.ncbi.nlm.nih.gov/Taxonomy/Browser/wwwtax.cgi?mode=Info&amp;id=53326
Eukaryote,Ancylostoma duodenale,51022,https://www.ncbi.nlm.nih.gov/Taxonomy/Browser/wwwtax.cgi?mode=Info&amp;id=51022
Eukaryote,Angiostrongylus cantonensis,6313,https://www.ncbi.nlm.nih.gov/Taxonomy/Browser/wwwtax.cgi?mode=Info&amp;id=6313
Eukaryote,Angiostrongylus costaricensis,334426,https://www.ncbi.nlm.nih.gov/Taxonomy/Browser/wwwtax.cgi?mode=Info&amp;id=334426
Eukaryote,Anisakis simplex,6269,https://www.ncbi.nlm.nih.gov/Taxonomy/Browser/wwwtax.cgi?mode=Info&amp;id=6269
Eukaryote,Anncaliia algerae,723287,https://www.ncbi.nlm.nih.gov/Taxonomy/Browser/wwwtax.cgi?mode=Info&amp;id=723287
Eukaryote,Apophysomyces variabilis,760013,https://www.ncbi.nlm.nih.gov/Taxonomy/Browser/wwwtax.cgi?mode=Info&amp;id=760013
Eukaryote,Ascaris lumbricoides,6252,https://www.ncbi.nlm.nih.gov/Taxonomy/Browser/wwwtax.cgi?mode=Info&amp;id=6252
Eukaryote,Ascaris suum,6253,https://www.ncbi.nlm.nih.gov/Taxonomy/Browser/wwwtax.cgi?mode=Info&amp;id=6253
Eukaryote,Aspergillus flavus,5059,https://www.ncbi.nlm.nih.gov/Taxonomy/Browser/wwwtax.cgi?mode=Info&amp;id=5059
Eukaryote,Aspergillus fumigatus,746128,https://www.ncbi.nlm.nih.gov/Taxonomy/Browser/wwwtax.cgi?mode=Info&amp;id=746128
Eukaryote,Aspergillus nidulans,162425,https://www.ncbi.nlm.nih.gov/Taxonomy/Browser/wwwtax.cgi?mode=Info&amp;id=162425
Eukaryote,Aspergillus niger,5061,https://www.ncbi.nlm.nih.gov/Taxonomy/Browser/wwwtax.cgi?mode=Info&amp;id=5061
Eukaryote,Aspergillus terreus,33178,https://www.ncbi.nlm.nih.gov/Taxonomy/Browser/wwwtax.cgi?mode=Info&amp;id=33178
Eukaryote,Babesia divergens,32595,https://www.ncbi.nlm.nih.gov/Taxonomy/Browser/wwwtax.cgi?mode=Info&amp;id=32595
Eukaryote,Babesia duncani,323732,https://www.ncbi.nlm.nih.gov/Taxonomy/Browser/wwwtax.cgi?mode=Info&amp;id=323732
Eukaryote,Babesia microti,5868,https://www.ncbi.nlm.nih.gov/Taxonomy/Browser/wwwtax.cgi?mode=Info&amp;id=5868
Eukaryote,Babesia sp. venatorum,171411,https://www.ncbi.nlm.nih.gov/Taxonomy/Browser/wwwtax.cgi?mode=Info&amp;id=171411
Eukaryote,Balamuthia mandrillaris,66527,https://www.ncbi.nlm.nih.gov/Taxonomy/Browser/wwwtax.cgi?mode=Info&amp;id=66527
Eukaryote,Basidiobolus ranarum,34480,https://www.ncbi.nlm.nih.gov/Taxonomy/Browser/wwwtax.cgi?mode=Info&amp;id=34480
Eukaryote,Baylisascaris procyonis,6259,https://www.ncbi.nlm.nih.gov/Taxonomy/Browser/wwwtax.cgi?mode=Info&amp;id=6259
Eukaryote,Bertiella mucronata,2817671,https://www.ncbi.nlm.nih.gov/Taxonomy/Browser/wwwtax.cgi?mode=Info&amp;id=2817671
Eukaryote,Bertiella studeri,578852,https://www.ncbi.nlm.nih.gov/Taxonomy/Browser/wwwtax.cgi?mode=Info&amp;id=578852
Eukaryote,Blastocystis hominis,12968,https://www.ncbi.nlm.nih.gov/Taxonomy/Browser/wwwtax.cgi?mode=Info&amp;id=12968
Eukaryote,Blastomyces dermatitidis,5039,https://www.ncbi.nlm.nih.gov/Taxonomy/Browser/wwwtax.cgi?mode=Info&amp;id=5039
Eukaryote,Blastomyces gilchristii,1681229,https://www.ncbi.nlm.nih.gov/Taxonomy/Browser/wwwtax.cgi?mode=Info&amp;id=1681229
Eukaryote,Blastomyces helicus,465036,https://www.ncbi.nlm.nih.gov/Taxonomy/Browser/wwwtax.cgi?mode=Info&amp;id=465036
Eukaryote,Brugia malayi,6279,https://www.ncbi.nlm.nih.gov/Taxonomy/Browser/wwwtax.cgi?mode=Info&amp;id=6279
Eukaryote,Brugia pahangi,6280,https://www.ncbi.nlm.nih.gov/Taxonomy/Browser/wwwtax.cgi?mode=Info&amp;id=6280
Eukaryote,Brugia timori,42155,https://www.ncbi.nlm.nih.gov/Taxonomy/Browser/wwwtax.cgi?mode=Info&amp;id=42155
Eukaryote,Candida albicans,5476,https://www.ncbi.nlm.nih.gov/Taxonomy/Browser/wwwtax.cgi?mode=Info&amp;id=5476
Eukaryote,Candida dubliniensis,42374,https://www.ncbi.nlm.nih.gov/Taxonomy/Browser/wwwtax.cgi?mode=Info&amp;id=42374
Eukaryote,Candida parapsilosis,5480,https://www.ncbi.nlm.nih.gov/Taxonomy/Browser/wwwtax.cgi?mode=Info&amp;id=5480
Eukaryote,Candida tropicalis,5482,https://www.ncbi.nlm.nih.gov/Taxonomy/Browser/wwwtax.cgi?mode=Info&amp;id=5482
Eukaryote,Capillaria hepatica,1239592,https://www.ncbi.nlm.nih.gov/Taxonomy/Browser/wwwtax.cgi?mode=Info&amp;id=1239592
Eukaryote,Chrysomya bezziana,69364,https://www.ncbi.nlm.nih.gov/Taxonomy/Browser/wwwtax.cgi?mode=Info&amp;id=69364
Eukaryote,Cladophialophora bantiana,89940,https://www.ncbi.nlm.nih.gov/Taxonomy/Browser/wwwtax.cgi?mode=Info&amp;id=89940
Eukaryote,Cladophialophora boppii,82106,https://www.ncbi.nlm.nih.gov/Taxonomy/Browser/wwwtax.cgi?mode=Info&amp;id=82106
Eukaryote,Cladophialophora carrionii,86049,https://www.ncbi.nlm.nih.gov/Taxonomy/Browser/wwwtax.cgi?mode=Info&amp;id=86049
Eukaryote,Clavispora lusitaniae,36911,https://www.ncbi.nlm.nih.gov/Taxonomy/Browser/wwwtax.cgi?mode=Info&amp;id=36911
Eukaryote,Clinostomum complanatum,235145,https://www.ncbi.nlm.nih.gov/Taxonomy/Browser/wwwtax.cgi?mode=Info&amp;id=235145
Eukaryote,Clonorchis sinensis,79923,https://www.ncbi.nlm.nih.gov/Taxonomy/Browser/wwwtax.cgi?mode=Info&amp;id=79923
Eukaryote,Coccidioides immitis,5501,https://www.ncbi.nlm.nih.gov/Taxonomy/Browser/wwwtax.cgi?mode=Info&amp;id=5501
Eukaryote,Coccidioides posadasii,199306,https://www.ncbi.nlm.nih.gov/Taxonomy/Browser/wwwtax.cgi?mode=Info&amp;id=199306
Eukaryote,Cochliomyia hominivorax,115425,https://www.ncbi.nlm.nih.gov/Taxonomy/Browser/wwwtax.cgi?mode=Info&amp;id=115425
Eukaryote,Colletotrichum coccodes,27358,https://www.ncbi.nlm.nih.gov/Taxonomy/Browser/wwwtax.cgi?mode=Info&amp;id=27358
Eukaryote,Colletotrichum gloeosporioides,474922,https://www.ncbi.nlm.nih.gov/Taxonomy/Browser/wwwtax.cgi?mode=Info&amp;id=474922
Eukaryote,Conidiobolus coronatus,34488,https://www.ncbi.nlm.nih.gov/Taxonomy/Browser/wwwtax.cgi?mode=Info&amp;id=34488
Eukaryote,Conidiobolus incongruus,90249,https://www.ncbi.nlm.nih.gov/Taxonomy/Browser/wwwtax.cgi?mode=Info&amp;id=90249
Eukaryote,Contracaecum osculatum,106324,https://www.ncbi.nlm.nih.gov/Taxonomy/Browser/wwwtax.cgi?mode=Info&amp;id=106324
Eukaryote,Cryptococcus gattii,37769,https://www.ncbi.nlm.nih.gov/Taxonomy/Browser/wwwtax.cgi?mode=Info&amp;id=37769
Eukaryote,Cryptococcus neoformans,5207,https://www.ncbi.nlm.nih.gov/Taxonomy/Browser/wwwtax.cgi?mode=Info&amp;id=5207
Eukaryote,Cryptosporidium hominis,237895,https://www.ncbi.nlm.nih.gov/Taxonomy/Browser/wwwtax.cgi?mode=Info&amp;id=237895
Eukaryote,Cryptosporidium parvum,5807,https://www.ncbi.nlm.nih.gov/Taxonomy/Browser/wwwtax.cgi?mode=Info&amp;id=5807
Eukaryote,Curvularia australiensis,91365,https://www.ncbi.nlm.nih.gov/Taxonomy/Browser/wwwtax.cgi?mode=Info&amp;id=91365
Eukaryote,Curvularia hawaiiensis,1230527,https://www.ncbi.nlm.nih.gov/Taxonomy/Browser/wwwtax.cgi?mode=Info&amp;id=1230527
Eukaryote,Curvularia lunata,5503,https://www.ncbi.nlm.nih.gov/Taxonomy/Browser/wwwtax.cgi?mode=Info&amp;id=5503
Eukaryote,Curvularia papendorfii,1537989,https://www.ncbi.nlm.nih.gov/Taxonomy/Browser/wwwtax.cgi?mode=Info&amp;id=1537989
Eukaryote,Curvularia spicifera,145392,https://www.ncbi.nlm.nih.gov/Taxonomy/Browser/wwwtax.cgi?mode=Info&amp;id=145392
Eukaryote,Cyclospora cayetanensis,88456,https://www.ncbi.nlm.nih.gov/Taxonomy/Browser/wwwtax.cgi?mode=Info&amp;id=88456
Eukaryote,Cystoisospora belli,482538,https://www.ncbi.nlm.nih.gov/Taxonomy/Browser/wwwtax.cgi?mode=Info&amp;id=482538
Eukaryote,Dermanyssus gallinae,34641,https://www.ncbi.nlm.nih.gov/Taxonomy/Browser/wwwtax.cgi?mode=Info&amp;id=34641
Eukaryote,Dermatobia hominis,115427,https://www.ncbi.nlm.nih.gov/Taxonomy/Browser/wwwtax.cgi?mode=Info&amp;id=115427
Eukaryote,Dicrocoelium dendriticum,57078,https://www.ncbi.nlm.nih.gov/Taxonomy/Browser/wwwtax.cgi?mode=Info&amp;id=57078
Eukaryote,Dientamoeba fragilis,43352,https://www.ncbi.nlm.nih.gov/Taxonomy/Browser/wwwtax.cgi?mode=Info&amp;id=43352
Eukaryote,Dioctophyme renale,513045,https://www.ncbi.nlm.nih.gov/Taxonomy/Browser/wwwtax.cgi?mode=Info&amp;id=513045
Eukaryote,Diphyllobothrium latum,60516,https://www.ncbi.nlm.nih.gov/Taxonomy/Browser/wwwtax.cgi?mode=Info&amp;id=60516
Eukaryote,Dirofilaria immitis,6287,https://www.ncbi.nlm.nih.gov/Taxonomy/Browser/wwwtax.cgi?mode=Info&amp;id=6287
Eukaryote,Dirofilaria repens,31241,https://www.ncbi.nlm.nih.gov/Taxonomy/Browser/wwwtax.cgi?mode=Info&amp;id=31241
Eukaryote,Dracunculus medinensis,318479,https://www.ncbi.nlm.nih.gov/Taxonomy/Browser/wwwtax.cgi?mode=Info&amp;id=318479
Eukaryote,Echinococcus granulosus,6210,https://www.ncbi.nlm.nih.gov/Taxonomy/Browser/wwwtax.cgi?mode=Info&amp;id=6210
Eukaryote,Echinococcus multilocularis,6211,https://www.ncbi.nlm.nih.gov/Taxonomy/Browser/wwwtax.cgi?mode=Info&amp;id=6211
Eukaryote,Echinococcus oligarthrus,6212,https://www.ncbi.nlm.nih.gov/Taxonomy/Browser/wwwtax.cgi?mode=Info&amp;id=6212
Eukaryote,Echinococcus vogeli,6213,https://www.ncbi.nlm.nih.gov/Taxonomy/Browser/wwwtax.cgi?mode=Info&amp;id=6213
Eukaryote,Echinolaelaps echidninus,2759148,https://www.ncbi.nlm.nih.gov/Taxonomy/Browser/wwwtax.cgi?mode=Info&amp;id=2759148
Eukaryote,Emmonsia crescens,73230,https://www.ncbi.nlm.nih.gov/Taxonomy/Browser/wwwtax.cgi?mode=Info&amp;id=73230
Eukaryote,Encephalitozoon cuniculi,6035,https://www.ncbi.nlm.nih.gov/Taxonomy/Browser/wwwtax.cgi?mode=Info&amp;id=6035
Eukaryote,Encephalitozoon hellem,27973,https://www.ncbi.nlm.nih.gov/Taxonomy/Browser/wwwtax.cgi?mode=Info&amp;id=27973
Eukaryote,Encephalitozoon intestinalis,58839,https://www.ncbi.nlm.nih.gov/Taxonomy/Browser/wwwtax.cgi?mode=Info&amp;id=58839
Eukaryote,Entamoeba histolytica,5759,https://www.ncbi.nlm.nih.gov/Taxonomy/Browser/wwwtax.cgi?mode=Info&amp;id=5759
Eukaryote,Enterobius vermicularis,51028,https://www.ncbi.nlm.nih.gov/Taxonomy/Browser/wwwtax.cgi?mode=Info&amp;id=51028
Eukaryote,Enterocytozoon bieneusi,31281,https://www.ncbi.nlm.nih.gov/Taxonomy/Browser/wwwtax.cgi?mode=Info&amp;id=31281
Eukaryote,Epidermophyton floccosum,34391,https://www.ncbi.nlm.nih.gov/Taxonomy/Browser/wwwtax.cgi?mode=Info&amp;id=34391
Eukaryote,Exophiala dermatitidis,5970,https://www.ncbi.nlm.nih.gov/Taxonomy/Browser/wwwtax.cgi?mode=Info&amp;id=5970
Eukaryote,Fasciola gigantica,46835,https://www.ncbi.nlm.nih.gov/Taxonomy/Browser/wwwtax.cgi?mode=Info&amp;id=46835
Eukaryote,Fasciola hepatica,6192,https://www.ncbi.nlm.nih.gov/Taxonomy/Browser/wwwtax.cgi?mode=Info&amp;id=6192
Eukaryote,Fasciolopsis buski,27845,https://www.ncbi.nlm.nih.gov/Taxonomy/Browser/wwwtax.cgi?mode=Info&amp;id=27845
Eukaryote,Fonsecaea compacta,86057,https://www.ncbi.nlm.nih.gov/Taxonomy/Browser/wwwtax.cgi?mode=Info&amp;id=86057
Eukaryote,Fonsecaea pedrosoi,40355,https://www.ncbi.nlm.nih.gov/Taxonomy/Browser/wwwtax.cgi?mode=Info&amp;id=40355
Eukaryote,Fusarium fujikuroi,5127,https://www.ncbi.nlm.nih.gov/Taxonomy/Browser/wwwtax.cgi?mode=Info&amp;id=5127
Eukaryote,Fusarium oxysporum,5507,https://www.ncbi.nlm.nih.gov/Taxonomy/Browser/wwwtax.cgi?mode=Info&amp;id=5507
Eukaryote,Fusarium solani,169388,https://www.ncbi.nlm.nih.gov/Taxonomy/Browser/wwwtax.cgi?mode=Info&amp;id=169388
Eukaryote,Giardia intestinalis,5741,https://www.ncbi.nlm.nih.gov/Taxonomy/Browser/wwwtax.cgi?mode=Info&amp;id=5741
Eukaryote,Gnathostoma hispidum,279404,https://www.ncbi.nlm.nih.gov/Taxonomy/Browser/wwwtax.cgi?mode=Info&amp;id=279404
Eukaryote,Gnathostoma spinigerum,75299,https://www.ncbi.nlm.nih.gov/Taxonomy/Browser/wwwtax.cgi?mode=Info&amp;id=75299
Eukaryote,Halicephalobus gingivalis,114868,https://www.ncbi.nlm.nih.gov/Taxonomy/Browser/wwwtax.cgi?mode=Info&amp;id=114868
Eukaryote,Heterophyes heterophyes,1849833,https://www.ncbi.nlm.nih.gov/Taxonomy/Browser/wwwtax.cgi?mode=Info&amp;id=1849833
Eukaryote,Histoplasma capsulatum,5037,https://www.ncbi.nlm.nih.gov/Taxonomy/Browser/wwwtax.cgi?mode=Info&amp;id=5037
Eukaryote,Hymenolepis diminuta,6216,https://www.ncbi.nlm.nih.gov/Taxonomy/Browser/wwwtax.cgi?mode=Info&amp;id=6216
Eukaryote,Leishmania aethiopica,5667,https://www.ncbi.nlm.nih.gov/Taxonomy/Browser/wwwtax.cgi?mode=Info&amp;id=5667
Eukaryote,Leishmania amazonensis,5659,https://www.ncbi.nlm.nih.gov/Taxonomy/Browser/wwwtax.cgi?mode=Info&amp;id=5659
Eukaryote,Leishmania braziliensis,5660,https://www.ncbi.nlm.nih.gov/Taxonomy/Browser/wwwtax.cgi?mode=Info&amp;id=5660
Eukaryote,Leishmania chagasi,44271,https://www.ncbi.nlm.nih.gov/Taxonomy/Browser/wwwtax.cgi?mode=Info&amp;id=44271
Eukaryote,Leishmania colombiensis,93413,https://www.ncbi.nlm.nih.gov/Taxonomy/Browser/wwwtax.cgi?mode=Info&amp;id=93413
Eukaryote,Leishmania donovani,5661,https://www.ncbi.nlm.nih.gov/Taxonomy/Browser/wwwtax.cgi?mode=Info&amp;id=5661
Eukaryote,Leishmania guyanensis,5670,https://www.ncbi.nlm.nih.gov/Taxonomy/Browser/wwwtax.cgi?mode=Info&amp;id=5670
Eukaryote,Leishmania infantum,5671,https://www.ncbi.nlm.nih.gov/Taxonomy/Browser/wwwtax.cgi?mode=Info&amp;id=5671
Eukaryote,Leishmania major,5664,https://www.ncbi.nlm.nih.gov/Taxonomy/Browser/wwwtax.cgi?mode=Info&amp;id=5664
Eukaryote,Leishmania martiniquensis,1580590,https://www.ncbi.nlm.nih.gov/Taxonomy/Browser/wwwtax.cgi?mode=Info&amp;id=1580590
Eukaryote,Leishmania mexicana,5665,https://www.ncbi.nlm.nih.gov/Taxonomy/Browser/wwwtax.cgi?mode=Info&amp;id=5665
Eukaryote,Leishmania naiffi,5678,https://www.ncbi.nlm.nih.gov/Taxonomy/Browser/wwwtax.cgi?mode=Info&amp;id=5678
Eukaryote,Leishmania panamensis,5679,https://www.ncbi.nlm.nih.gov/Taxonomy/Browser/wwwtax.cgi?mode=Info&amp;id=5679
Eukaryote,Leishmania peruviana,5681,https://www.ncbi.nlm.nih.gov/Taxonomy/Browser/wwwtax.cgi?mode=Info&amp;id=5681
Eukaryote,Leishmania tropica,5666,https://www.ncbi.nlm.nih.gov/Taxonomy/Browser/wwwtax.cgi?mode=Info&amp;id=5666
Eukaryote,Lichtheimia corymbifera,42458,https://www.ncbi.nlm.nih.gov/Taxonomy/Browser/wwwtax.cgi?mode=Info&amp;id=42458
Eukaryote,Lichtheimia ramosa,688394,https://www.ncbi.nlm.nih.gov/Taxonomy/Browser/wwwtax.cgi?mode=Info&amp;id=688394
Eukaryote,Linguatula serrata,646052,https://www.ncbi.nlm.nih.gov/Taxonomy/Browser/wwwtax.cgi?mode=Info&amp;id=646052
Eukaryote,Loa loa,7209,https://www.ncbi.nlm.nih.gov/Taxonomy/Browser/wwwtax.cgi?mode=Info&amp;id=7209
Eukaryote,Lomentospora prolificans,41688,https://www.ncbi.nlm.nih.gov/Taxonomy/Browser/wwwtax.cgi?mode=Info&amp;id=41688
Eukaryote,Madurella mycetomatis,100816,https://www.ncbi.nlm.nih.gov/Taxonomy/Browser/wwwtax.cgi?mode=Info&amp;id=100816
Eukaryote,Mansonella ozzardi,122354,https://www.ncbi.nlm.nih.gov/Taxonomy/Browser/wwwtax.cgi?mode=Info&amp;id=122354
Eukaryote,Mansonella perstans,42231,https://www.ncbi.nlm.nih.gov/Taxonomy/Browser/wwwtax.cgi?mode=Info&amp;id=42231
Eukaryote,Mansonella streptocerca,1761664,https://www.ncbi.nlm.nih.gov/Taxonomy/Browser/wwwtax.cgi?mode=Info&amp;id=1761664
Eukaryote,Metagonimus yokogawai,84529,https://www.ncbi.nlm.nih.gov/Taxonomy/Browser/wwwtax.cgi?mode=Info&amp;id=84529
Eukaryote,Moniliformis moniliformis,10237,https://www.ncbi.nlm.nih.gov/Taxonomy/Browser/wwwtax.cgi?mode=Info&amp;id=10237
Eukaryote,Mucor circinelloides,36080,https://www.ncbi.nlm.nih.gov/Taxonomy/Browser/wwwtax.cgi?mode=Info&amp;id=36080
Eukaryote,Naegleria fowleri,5763,https://www.ncbi.nlm.nih.gov/Taxonomy/Browser/wwwtax.cgi?mode=Info&amp;id=5763
Eukaryote,Nakaseomyces glabratus,5478,https://www.ncbi.nlm.nih.gov/Taxonomy/Browser/wwwtax.cgi?mode=Info&amp;id=5478
Eukaryote,Necator americanus,51031,https://www.ncbi.nlm.nih.gov/Taxonomy/Browser/wwwtax.cgi?mode=Info&amp;id=51031
Eukaryote,Neobalantidium coli,71585,https://www.ncbi.nlm.nih.gov/Taxonomy/Browser/wwwtax.cgi?mode=Info&amp;id=71585
Eukaryote,Onchocerca volvulus,6282,https://www.ncbi.nlm.nih.gov/Taxonomy/Browser/wwwtax.cgi?mode=Info&amp;id=6282
Eukaryote,Opisthorchis felineus,147828,https://www.ncbi.nlm.nih.gov/Taxonomy/Browser/wwwtax.cgi?mode=Info&amp;id=147828
Eukaryote,Opisthorchis sinensis,41765,https://www.ncbi.nlm.nih.gov/Taxonomy/Browser/wwwtax.cgi?mode=Info&amp;id=41765
Eukaryote,Opisthorchis viverrini,6198,https://www.ncbi.nlm.nih.gov/Taxonomy/Browser/wwwtax.cgi?mode=Info&amp;id=6198
Eukaryote,Ornithonyssus bacoti,480692,https://www.ncbi.nlm.nih.gov/Taxonomy/Browser/wwwtax.cgi?mode=Info&amp;id=480692
Eukaryote,Ornithonyssus bursa,663933,https://www.ncbi.nlm.nih.gov/Taxonomy/Browser/wwwtax.cgi?mode=Info&amp;id=663933
Eukaryote,Ornithonyssus sylviarum,224536,https://www.ncbi.nlm.nih.gov/Taxonomy/Browser/wwwtax.cgi?mode=Info&amp;id=224536
Eukaryote,Paracapillaria philippinensis,1457282,https://www.ncbi.nlm.nih.gov/Taxonomy/Browser/wwwtax.cgi?mode=Info&amp;id=1457282
Eukaryote,Paracoccidioides brasiliensis,121759,https://www.ncbi.nlm.nih.gov/Taxonomy/Browser/wwwtax.cgi?mode=Info&amp;id=121759
Eukaryote,Paragonimus africanus,434055,https://www.ncbi.nlm.nih.gov/Taxonomy/Browser/wwwtax.cgi?mode=Info&amp;id=434055
Eukaryote,Paragonimus heterotremus,100268,https://www.ncbi.nlm.nih.gov/Taxonomy/Browser/wwwtax.cgi?mode=Info&amp;id=100268
Eukaryote,Paragonimus kellicotti,100269,https://www.ncbi.nlm.nih.gov/Taxonomy/Browser/wwwtax.cgi?mode=Info&amp;id=100269
Eukaryote,Paragonimus mexicanus,100270,https://www.ncbi.nlm.nih.gov/Taxonomy/Browser/wwwtax.cgi?mode=Info&amp;id=100270
Eukaryote,Paragonimus siamensis,100271,https://www.ncbi.nlm.nih.gov/Taxonomy/Browser/wwwtax.cgi?mode=Info&amp;id=100271
Eukaryote,Paragonimus skrjabini,59630,https://www.ncbi.nlm.nih.gov/Taxonomy/Browser/wwwtax.cgi?mode=Info&amp;id=59630
Eukaryote,Paragonimus uterobilateralis,2912759,https://www.ncbi.nlm.nih.gov/Taxonomy/Browser/wwwtax.cgi?mode=Info&amp;id=2912759
Eukaryote,Paragonimus westermani,34504,https://www.ncbi.nlm.nih.gov/Taxonomy/Browser/wwwtax.cgi?mode=Info&amp;id=34504
Eukaryote,Pediculus humanus,121225,https://www.ncbi.nlm.nih.gov/Taxonomy/Browser/wwwtax.cgi?mode=Info&amp;id=121225
Eukaryote,Phialophora verrucosa,39412,https://www.ncbi.nlm.nih.gov/Taxonomy/Browser/wwwtax.cgi?mode=Info&amp;id=39412
Eukaryote,Pichia kudriavzevii,4909,https://www.ncbi.nlm.nih.gov/Taxonomy/Browser/wwwtax.cgi?mode=Info&amp;id=4909
Eukaryote,Plasmodium falciparum,5833,https://www.ncbi.nlm.nih.gov/Taxonomy/Browser/wwwtax.cgi?mode=Info&amp;id=5833
Eukaryote,Plasmodium knowlesi,5850,https://www.ncbi.nlm.nih.gov/Taxonomy/Browser/wwwtax.cgi?mode=Info&amp;id=5850
Eukaryote,Plasmodium malariae,5858,https://www.ncbi.nlm.nih.gov/Taxonomy/Browser/wwwtax.cgi?mode=Info&amp;id=5858
Eukaryote,Plasmodium ovale,36330,https://www.ncbi.nlm.nih.gov/Taxonomy/Browser/wwwtax.cgi?mode=Info&amp;id=36330
Eukaryote,Plasmodium vivax,5855,https://www.ncbi.nlm.nih.gov/Taxonomy/Browser/wwwtax.cgi?mode=Info&amp;id=5855
Eukaryote,Pneumocystis jirovecii,42068,https://www.ncbi.nlm.nih.gov/Taxonomy/Browser/wwwtax.cgi?mode=Info&amp;id=42068
Eukaryote,Pseudoterranova decipiens,6271,https://www.ncbi.nlm.nih.gov/Taxonomy/Browser/wwwtax.cgi?mode=Info&amp;id=6271
Eukaryote,Pthirus pubis,121228,https://www.ncbi.nlm.nih.gov/Taxonomy/Browser/wwwtax.cgi?mode=Info&amp;id=121228
Eukaryote,Pythium insidiosum,114742,https://www.ncbi.nlm.nih.gov/Taxonomy/Browser/wwwtax.cgi?mode=Info&amp;id=114742
Eukaryote,Rhinocladiella mackenziei,86056,https://www.ncbi.nlm.nih.gov/Taxonomy/Browser/wwwtax.cgi?mode=Info&amp;id=86056
Eukaryote,Rhinosporidium seeberi,90339,https://www.ncbi.nlm.nih.gov/Taxonomy/Browser/wwwtax.cgi?mode=Info&amp;id=90339
Eukaryote,Rhizomucor pusillus,4840,https://www.ncbi.nlm.nih.gov/Taxonomy/Browser/wwwtax.cgi?mode=Info&amp;id=4840
Eukaryote,Rhizopus arrhizus,64495,https://www.ncbi.nlm.nih.gov/Taxonomy/Browser/wwwtax.cgi?mode=Info&amp;id=64495
Eukaryote,Rhizopus microsporus,58291,https://www.ncbi.nlm.nih.gov/Taxonomy/Browser/wwwtax.cgi?mode=Info&amp;id=58291
Eukaryote,Rodentolepis nana,102285,https://www.ncbi.nlm.nih.gov/Taxonomy/Browser/wwwtax.cgi?mode=Info&amp;id=102285
Eukaryote,Saccharomyces cerevisiae,4932,https://www.ncbi.nlm.nih.gov/Taxonomy/Browser/wwwtax.cgi?mode=Info&amp;id=4932
Eukaryote,Saksenaea erythrospora,931868,https://www.ncbi.nlm.nih.gov/Taxonomy/Browser/wwwtax.cgi?mode=Info&amp;id=931868
Eukaryote,Saksenaea vasiformis,90258,https://www.ncbi.nlm.nih.gov/Taxonomy/Browser/wwwtax.cgi?mode=Info&amp;id=90258
Eukaryote,Sappinia diploidea,343529,https://www.ncbi.nlm.nih.gov/Taxonomy/Browser/wwwtax.cgi?mode=Info&amp;id=343529
Eukaryote,Sappinia pedata,472956,https://www.ncbi.nlm.nih.gov/Taxonomy/Browser/wwwtax.cgi?mode=Info&amp;id=472956
Eukaryote,Sarcocystis hominis,61650,https://www.ncbi.nlm.nih.gov/Taxonomy/Browser/wwwtax.cgi?mode=Info&amp;id=61650
Eukaryote,Sarcocystis suihominis,102713,https://www.ncbi.nlm.nih.gov/Taxonomy/Browser/wwwtax.cgi?mode=Info&amp;id=102713
Eukaryote,Sarcoptes scabiei,52283,https://www.ncbi.nlm.nih.gov/Taxonomy/Browser/wwwtax.cgi?mode=Info&amp;id=52283
Eukaryote,Scedosporium apiospermum,563466,https://www.ncbi.nlm.nih.gov/Taxonomy/Browser/wwwtax.cgi?mode=Info&amp;id=563466
Eukaryote,Scedosporium boydii,5597,https://www.ncbi.nlm.nih.gov/Taxonomy/Browser/wwwtax.cgi?mode=Info&amp;id=5597
Eukaryote,Schistosoma guineensis,393876,https://www.ncbi.nlm.nih.gov/Taxonomy/Browser/wwwtax.cgi?mode=Info&amp;id=393876
Eukaryote,Schistosoma haematobium,6185,https://www.ncbi.nlm.nih.gov/Taxonomy/Browser/wwwtax.cgi?mode=Info&amp;id=6185
Eukaryote,Schistosoma intercalatum,6187,https://www.ncbi.nlm.nih.gov/Taxonomy/Browser/wwwtax.cgi?mode=Info&amp;id=6187
Eukaryote,Schistosoma japonicum,6182,https://www.ncbi.nlm.nih.gov/Taxonomy/Browser/wwwtax.cgi?mode=Info&amp;id=6182
Eukaryote,Schistosoma malayensis,53353,https://www.ncbi.nlm.nih.gov/Taxonomy/Browser/wwwtax.cgi?mode=Info&amp;id=53353
Eukaryote,Schistosoma mansoni,6183,https://www.ncbi.nlm.nih.gov/Taxonomy/Browser/wwwtax.cgi?mode=Info&amp;id=6183
Eukaryote,Schistosoma mekongi,38744,https://www.ncbi.nlm.nih.gov/Taxonomy/Browser/wwwtax.cgi?mode=Info&amp;id=38744
Eukaryote,Scopulariopsis brevicaulis,561152,https://www.ncbi.nlm.nih.gov/Taxonomy/Browser/wwwtax.cgi?mode=Info&amp;id=561152
Eukaryote,Spirometra erinaceieuropaei,99802,https://www.ncbi.nlm.nih.gov/Taxonomy/Browser/wwwtax.cgi?mode=Info&amp;id=99802
Eukaryote,Sporothrix schenckii,29908,https://www.ncbi.nlm.nih.gov/Taxonomy/Browser/wwwtax.cgi?mode=Info&amp;id=29908
Eukaryote,Strongyloides stercoralis,6248,https://www.ncbi.nlm.nih.gov/Taxonomy/Browser/wwwtax.cgi?mode=Info&amp;id=6248
Eukaryote,Taenia multiceps,94034,https://www.ncbi.nlm.nih.gov/Taxonomy/Browser/wwwtax.cgi?mode=Info&amp;id=94034
Eukaryote,Taenia saginata,6206,https://www.ncbi.nlm.nih.gov/Taxonomy/Browser/wwwtax.cgi?mode=Info&amp;id=6206
Eukaryote,Taenia solium,6204,https://www.ncbi.nlm.nih.gov/Taxonomy/Browser/wwwtax.cgi?mode=Info&amp;id=6204
Eukaryote,Talaromyces marneffei,37727,https://www.ncbi.nlm.nih.gov/Taxonomy/Browser/wwwtax.cgi?mode=Info&amp;id=37727
Eukaryote,Thelazia callipaeda,103827,https://www.ncbi.nlm.nih.gov/Taxonomy/Browser/wwwtax.cgi?mode=Info&amp;id=103827
Eukaryote,Toxocara canis,6265,https://www.ncbi.nlm.nih.gov/Taxonomy/Browser/wwwtax.cgi?mode=Info&amp;id=6265
Eukaryote,Toxocara cati,6266,https://www.ncbi.nlm.nih.gov/Taxonomy/Browser/wwwtax.cgi?mode=Info&amp;id=6266
Eukaryote,Toxoplasma gondii,5811,https://www.ncbi.nlm.nih.gov/Taxonomy/Browser/wwwtax.cgi?mode=Info&amp;id=5811
Eukaryote,Trachipleistophora hominis,72359,https://www.ncbi.nlm.nih.gov/Taxonomy/Browser/wwwtax.cgi?mode=Info&amp;id=72359
Eukaryote,Trematosphaeria grisea,1489895,https://www.ncbi.nlm.nih.gov/Taxonomy/Browser/wwwtax.cgi?mode=Info&amp;id=1489895
Eukaryote,Trichinella britovi,45882,https://www.ncbi.nlm.nih.gov/Taxonomy/Browser/wwwtax.cgi?mode=Info&amp;id=45882
Eukaryote,Trichinella nativa,6335,https://www.ncbi.nlm.nih.gov/Taxonomy/Browser/wwwtax.cgi?mode=Info&amp;id=6335
Eukaryote,Trichinella nelsoni,6336,https://www.ncbi.nlm.nih.gov/Taxonomy/Browser/wwwtax.cgi?mode=Info&amp;id=6336
Eukaryote,Trichinella pseudospiralis,6337,https://www.ncbi.nlm.nih.gov/Taxonomy/Browser/wwwtax.cgi?mode=Info&amp;id=6337
Eukaryote,Trichinella spiralis,6334,https://www.ncbi.nlm.nih.gov/Taxonomy/Browser/wwwtax.cgi?mode=Info&amp;id=6334
Eukaryote,Trichomonas vaginalis,5722,https://www.ncbi.nlm.nih.gov/Taxonomy/Browser/wwwtax.cgi?mode=Info&amp;id=5722
Eukaryote,Trichophyton rubrum,5551,https://www.ncbi.nlm.nih.gov/Taxonomy/Browser/wwwtax.cgi?mode=Info&amp;id=5551
Eukaryote,Trichuris trichiura,36087,https://www.ncbi.nlm.nih.gov/Taxonomy/Browser/wwwtax.cgi?mode=Info&amp;id=36087
Eukaryote,Trichuris vulpis,219738,https://www.ncbi.nlm.nih.gov/Taxonomy/Browser/wwwtax.cgi?mode=Info&amp;id=219738
Eukaryote,Trypanosoma brucei,5691,https://www.ncbi.nlm.nih.gov/Taxonomy/Browser/wwwtax.cgi?mode=Info&amp;id=5691
Eukaryote,Trypanosoma cruzi,5693,https://www.ncbi.nlm.nih.gov/Taxonomy/Browser/wwwtax.cgi?mode=Info&amp;id=5693
Eukaryote,Tubulinosema acridophagus,307626,https://www.ncbi.nlm.nih.gov/Taxonomy/Browser/wwwtax.cgi?mode=Info&amp;id=307626
Eukaryote,Tunga penetrans,214035,https://www.ncbi.nlm.nih.gov/Taxonomy/Browser/wwwtax.cgi?mode=Info&amp;id=214035
Eukaryote,Uncinaria stenocephala,125367,https://www.ncbi.nlm.nih.gov/Taxonomy/Browser/wwwtax.cgi?mode=Info&amp;id=125367
Eukaryote,Vittaforma corneae,42399,https://www.ncbi.nlm.nih.gov/Taxonomy/Browser/wwwtax.cgi?mode=Info&amp;id=42399
Eukaryote,Wuchereria bancrofti,6293,https://www.ncbi.nlm.nih.gov/Taxonomy/Browser/wwwtax.cgi?mode=Info&amp;id=6293
Eukaryote,[Candida] auris,498019,https://www.ncbi.nlm.nih.gov/Taxonomy/Browser/wwwtax.cgi?mode=Info&amp;id=498019
Virus,Aichivirus A,72149,https://www.ncbi.nlm.nih.gov/Taxonomy/Browser/wwwtax.cgi?mode=Info&amp;id=72149
Virus,Akhmeta virus,2200830,https://www.ncbi.nlm.nih.gov/Taxonomy/Browser/wwwtax.cgi?mode=Info&amp;id=2200830
Virus,Alphainfluenzavirus influenzae,11320,https://www.ncbi.nlm.nih.gov/Taxonomy/Browser/wwwtax.cgi?mode=Info&amp;id=11320
Virus,Alphainfluenzavirus influenzae,2955291,https://www.ncbi.nlm.nih.gov/Taxonomy/Browser/wwwtax.cgi?mode=Info&amp;id=2955291
Virus,Alphapapillomavirus 4,337043,https://www.ncbi.nlm.nih.gov/Taxonomy/Browser/wwwtax.cgi?mode=Info&amp;id=337043
Virus,Alphapapillomavirus 7,337042,https://www.ncbi.nlm.nih.gov/Taxonomy/Browser/wwwtax.cgi?mode=Info&amp;id=337042
Virus,Alphapapillomavirus 9,337041,https://www.ncbi.nlm.nih.gov/Taxonomy/Browser/wwwtax.cgi?mode=Info&amp;id=337041
Virus,Alphapolyomavirus octihominis,862909,https://www.ncbi.nlm.nih.gov/Taxonomy/Browser/wwwtax.cgi?mode=Info&amp;id=862909
Virus,Alphapolyomavirus octihominis,1891727,https://www.ncbi.nlm.nih.gov/Taxonomy/Browser/wwwtax.cgi?mode=Info&amp;id=1891727
Virus,Alphapolyomavirus quintihominis,493803,https://www.ncbi.nlm.nih.gov/Taxonomy/Browser/wwwtax.cgi?mode=Info&amp;id=493803
Virus,Alphapolyomavirus quintihominis,1891726,https://www.ncbi.nlm.nih.gov/Taxonomy/Browser/wwwtax.cgi?mode=Info&amp;id=1891726
Virus,Bandavirus bhanjanagarense,1213620,https://www.ncbi.nlm.nih.gov/Taxonomy/Browser/wwwtax.cgi?mode=Info&amp;id=1213620
Virus,Bandavirus bhanjanagarense,3051989,https://www.ncbi.nlm.nih.gov/Taxonomy/Browser/wwwtax.cgi?mode=Info&amp;id=3051989
Virus,Bandavirus dabieense,2748958,https://www.ncbi.nlm.nih.gov/Taxonomy/Browser/wwwtax.cgi?mode=Info&amp;id=2748958
Virus,Banna virus,77763,https://www.ncbi.nlm.nih.gov/Taxonomy/Browser/wwwtax.cgi?mode=Info&amp;id=77763
Virus,Barmah Forest virus,11020,https://www.ncbi.nlm.nih.gov/Taxonomy/Browser/wwwtax.cgi?mode=Info&amp;id=11020
Virus,Bayou orthohantavirus,1980459,https://www.ncbi.nlm.nih.gov/Taxonomy/Browser/wwwtax.cgi?mode=Info&amp;id=1980459
Virus,Betacoronavirus 1,694003,https://www.ncbi.nlm.nih.gov/Taxonomy/Browser/wwwtax.cgi?mode=Info&amp;id=694003
Virus,Betainfluenzavirus influenzae,11520,https://www.ncbi.nlm.nih.gov/Taxonomy/Browser/wwwtax.cgi?mode=Info&amp;id=11520
Virus,Betainfluenzavirus influenzae,2955465,https://www.ncbi.nlm.nih.gov/Taxonomy/Browser/wwwtax.cgi?mode=Info&amp;id=2955465
Virus,Betapolyomavirus hominis,1891762,https://www.ncbi.nlm.nih.gov/Taxonomy/Browser/wwwtax.cgi?mode=Info&amp;id=1891762
Virus,Betapolyomavirus quartihominis,1891765,https://www.ncbi.nlm.nih.gov/Taxonomy/Browser/wwwtax.cgi?mode=Info&amp;id=1891765
Virus,Betapolyomavirus secuhominis,1891763,https://www.ncbi.nlm.nih.gov/Taxonomy/Browser/wwwtax.cgi?mode=Info&amp;id=1891763
Virus,Bhanja bandavirus,2734423,https://www.ncbi.nlm.nih.gov/Taxonomy/Browser/wwwtax.cgi?mode=Info&amp;id=2734423
Virus,Black Creek Canal orthohantavirus,1980460,https://www.ncbi.nlm.nih.gov/Taxonomy/Browser/wwwtax.cgi?mode=Info&amp;id=1980460
Virus,Borna disease virus,12455,https://www.ncbi.nlm.nih.gov/Taxonomy/Browser/wwwtax.cgi?mode=Info&amp;id=12455
Virus,Bufavirus-3,1391667,https://www.ncbi.nlm.nih.gov/Taxonomy/Browser/wwwtax.cgi?mode=Info&amp;id=1391667
Virus,Bunyamwera orthobunyavirus,1933179,https://www.ncbi.nlm.nih.gov/Taxonomy/Browser/wwwtax.cgi?mode=Info&amp;id=1933179
Virus,Bwamba orthobunyavirus,35310,https://www.ncbi.nlm.nih.gov/Taxonomy/Browser/wwwtax.cgi?mode=Info&amp;id=35310
Virus,Cache Valley orthobunyavirus,2560364,https://www.ncbi.nlm.nih.gov/Taxonomy/Browser/wwwtax.cgi?mode=Info&amp;id=2560364
Virus,Cali mammarenavirus,2169993,https://www.ncbi.nlm.nih.gov/Taxonomy/Browser/wwwtax.cgi?mode=Info&amp;id=2169993
Virus,California encephalitis orthobunyavirus,1933264,https://www.ncbi.nlm.nih.gov/Taxonomy/Browser/wwwtax.cgi?mode=Info&amp;id=1933264
Virus,Cardiovirus A,1821749,https://www.ncbi.nlm.nih.gov/Taxonomy/Browser/wwwtax.cgi?mode=Info&amp;id=1821749
Virus,Chapare mammarenavirus,499556,https://www.ncbi.nlm.nih.gov/Taxonomy/Browser/wwwtax.cgi?mode=Info&amp;id=499556
Virus,Chikungunya virus,37124,https://www.ncbi.nlm.nih.gov/Taxonomy/Browser/wwwtax.cgi?mode=Info&amp;id=37124
Virus,Colorado tick fever coltivirus,46839,https://www.ncbi.nlm.nih.gov/Taxonomy/Browser/wwwtax.cgi?mode=Info&amp;id=46839
Virus,Colorado tick fever coltivirus,2748762,https://www.ncbi.nlm.nih.gov/Taxonomy/Browser/wwwtax.cgi?mode=Info&amp;id=2748762
Virus,Cowpox virus,10243,https://www.ncbi.nlm.nih.gov/Taxonomy/Browser/wwwtax.cgi?mode=Info&amp;id=10243
Virus,Coxsackievirus,12066,https://www.ncbi.nlm.nih.gov/Taxonomy/Browser/wwwtax.cgi?mode=Info&amp;id=12066
Virus,Crimean-Congo hemorrhagic fever orthonairovirus,1980519,https://www.ncbi.nlm.nih.gov/Taxonomy/Browser/wwwtax.cgi?mode=Info&amp;id=1980519
Virus,Cytomegalovirus humanbeta5,10359,https://www.ncbi.nlm.nih.gov/Taxonomy/Browser/wwwtax.cgi?mode=Info&amp;id=10359
Virus,Cytomegalovirus humanbeta5,3050295,https://www.ncbi.nlm.nih.gov/Taxonomy/Browser/wwwtax.cgi?mode=Info&amp;id=3050295
Virus,Deltapolyomavirus decihominis,1203539,https://www.ncbi.nlm.nih.gov/Taxonomy/Browser/wwwtax.cgi?mode=Info&amp;id=1203539
Virus,Deltapolyomavirus decihominis,1208309,https://www.ncbi.nlm.nih.gov/Taxonomy/Browser/wwwtax.cgi?mode=Info&amp;id=1208309
Virus,Dobrava-Belgrade orthohantavirus,1980467,https://www.ncbi.nlm.nih.gov/Taxonomy/Browser/wwwtax.cgi?mode=Info&amp;id=1980467
Virus,Dugbe orthonairovirus,1980521,https://www.ncbi.nlm.nih.gov/Taxonomy/Browser/wwwtax.cgi?mode=Info&amp;id=1980521
Virus,Eastern equine encephalitis virus,11021,https://www.ncbi.nlm.nih.gov/Taxonomy/Browser/wwwtax.cgi?mode=Info&amp;id=11021
Virus,Echovirus,33758,https://www.ncbi.nlm.nih.gov/Taxonomy/Browser/wwwtax.cgi?mode=Info&amp;id=33758
Virus,Enterovirus A,138948,https://www.ncbi.nlm.nih.gov/Taxonomy/Browser/wwwtax.cgi?mode=Info&amp;id=138948
Virus,Enterovirus B,138949,https://www.ncbi.nlm.nih.gov/Taxonomy/Browser/wwwtax.cgi?mode=Info&amp;id=138949
Virus,Enterovirus C,138950,https://www.ncbi.nlm.nih.gov/Taxonomy/Browser/wwwtax.cgi?mode=Info&amp;id=138950
Virus,Enterovirus D,138951,https://www.ncbi.nlm.nih.gov/Taxonomy/Browser/wwwtax.cgi?mode=Info&amp;id=138951
Virus,Erythroparvovirus primate1,3052189,https://www.ncbi.nlm.nih.gov/Taxonomy/Browser/wwwtax.cgi?mode=Info&amp;id=3052189
Virus,European bat lyssavirus,38768,https://www.ncbi.nlm.nih.gov/Taxonomy/Browser/wwwtax.cgi?mode=Info&amp;id=38768
Virus,Everglades virus,2083198,https://www.ncbi.nlm.nih.gov/Taxonomy/Browser/wwwtax.cgi?mode=Info&amp;id=2083198
Virus,Gammainfluenzavirus influenzae,11552,https://www.ncbi.nlm.nih.gov/Taxonomy/Browser/wwwtax.cgi?mode=Info&amp;id=11552
Virus,Gammainfluenzavirus influenzae,2955935,https://www.ncbi.nlm.nih.gov/Taxonomy/Browser/wwwtax.cgi?mode=Info&amp;id=2955935
Virus,Guanarito mammarenavirus,45219,https://www.ncbi.nlm.nih.gov/Taxonomy/Browser/wwwtax.cgi?mode=Info&amp;id=45219
Virus,Guaroa orthobunyavirus,1933274,https://www.ncbi.nlm.nih.gov/Taxonomy/Browser/wwwtax.cgi?mode=Info&amp;id=1933274
Virus,Hantaan orthohantavirus,1980471,https://www.ncbi.nlm.nih.gov/Taxonomy/Browser/wwwtax.cgi?mode=Info&amp;id=1980471
Virus,Heartland bandavirus,2747342,https://www.ncbi.nlm.nih.gov/Taxonomy/Browser/wwwtax.cgi?mode=Info&amp;id=2747342
Virus,Hendra henipavirus,63330,https://www.ncbi.nlm.nih.gov/Taxonomy/Browser/wwwtax.cgi?mode=Info&amp;id=63330
Virus,Hepacivirus C,11103,https://www.ncbi.nlm.nih.gov/Taxonomy/Browser/wwwtax.cgi?mode=Info&amp;id=11103
Virus,Hepatitis B virus,10407,https://www.ncbi.nlm.nih.gov/Taxonomy/Browser/wwwtax.cgi?mode=Info&amp;id=10407
Virus,Hepatitis delta virus,12475,https://www.ncbi.nlm.nih.gov/Taxonomy/Browser/wwwtax.cgi?mode=Info&amp;id=12475
Virus,Hepatovirus A,12092,https://www.ncbi.nlm.nih.gov/Taxonomy/Browser/wwwtax.cgi?mode=Info&amp;id=12092
Virus,Huaiyangshan banyangvirus,2509281,https://www.ncbi.nlm.nih.gov/Taxonomy/Browser/wwwtax.cgi?mode=Info&amp;id=2509281
Virus,Human adenovirus sp.,1907210,https://www.ncbi.nlm.nih.gov/Taxonomy/Browser/wwwtax.cgi?mode=Info&amp;id=1907210
Virus,Human astrovirus,1868658,https://www.ncbi.nlm.nih.gov/Taxonomy/Browser/wwwtax.cgi?mode=Info&amp;id=1868658
Virus,Human betaherpesvirus 6,10368,https://www.ncbi.nlm.nih.gov/Taxonomy/Browser/wwwtax.cgi?mode=Info&amp;id=10368
Virus,Human bocavirus,329641,https://www.ncbi.nlm.nih.gov/Taxonomy/Browser/wwwtax.cgi?mode=Info&amp;id=329641
Virus,Human coronavirus 229E,11137,https://www.ncbi.nlm.nih.gov/Taxonomy/Browser/wwwtax.cgi?mode=Info&amp;id=11137
Virus,Human coronavirus HKU1,290028,https://www.ncbi.nlm.nih.gov/Taxonomy/Browser/wwwtax.cgi?mode=Info&amp;id=290028
Virus,Human coronavirus NL63,277944,https://www.ncbi.nlm.nih.gov/Taxonomy/Browser/wwwtax.cgi?mode=Info&amp;id=277944
Virus,Human immunodeficiency virus,12721,https://www.ncbi.nlm.nih.gov/Taxonomy/Browser/wwwtax.cgi?mode=Info&amp;id=12721
Virus,Human mastadenovirus A,129875,https://www.ncbi.nlm.nih.gov/Taxonomy/Browser/wwwtax.cgi?mode=Info&amp;id=129875
Virus,Human mastadenovirus B,108098,https://www.ncbi.nlm.nih.gov/Taxonomy/Browser/wwwtax.cgi?mode=Info&amp;id=108098
Virus,Human mastadenovirus C,129951,https://www.ncbi.nlm.nih.gov/Taxonomy/Browser/wwwtax.cgi?mode=Info&amp;id=129951
Virus,Human mastadenovirus D,130310,https://www.ncbi.nlm.nih.gov/Taxonomy/Browser/wwwtax.cgi?mode=Info&amp;id=130310
Virus,Human mastadenovirus F,130309,https://www.ncbi.nlm.nih.gov/Taxonomy/Browser/wwwtax.cgi?mode=Info&amp;id=130309
Virus,Human parechovirus,195054,https://www.ncbi.nlm.nih.gov/Taxonomy/Browser/wwwtax.cgi?mode=Info&amp;id=195054
Virus,Human rhinovirus sp.,169066,https://www.ncbi.nlm.nih.gov/Taxonomy/Browser/wwwtax.cgi?mode=Info&amp;id=169066
Virus,Human torovirus,67605,https://www.ncbi.nlm.nih.gov/Taxonomy/Browser/wwwtax.cgi?mode=Info&amp;id=67605
Virus,Ilesha orthobunyavirus,2560528,https://www.ncbi.nlm.nih.gov/Taxonomy/Browser/wwwtax.cgi?mode=Info&amp;id=2560528
Virus,Jamestown Canyon orthobunyavirus,2560532,https://www.ncbi.nlm.nih.gov/Taxonomy/Browser/wwwtax.cgi?mode=Info&amp;id=2560532
Virus,La Crosse orthobunyavirus,2560547,https://www.ncbi.nlm.nih.gov/Taxonomy/Browser/wwwtax.cgi?mode=Info&amp;id=2560547
Virus,Lassa mammarenavirus,11620,https://www.ncbi.nlm.nih.gov/Taxonomy/Browser/wwwtax.cgi?mode=Info&amp;id=11620
Virus,Lujo mammarenavirus,649188,https://www.ncbi.nlm.nih.gov/Taxonomy/Browser/wwwtax.cgi?mode=Info&amp;id=649188
Virus,Lymphocryptovirus humangamma4,10376,https://www.ncbi.nlm.nih.gov/Taxonomy/Browser/wwwtax.cgi?mode=Info&amp;id=10376
Virus,Lymphocryptovirus humangamma4,3050299,https://www.ncbi.nlm.nih.gov/Taxonomy/Browser/wwwtax.cgi?mode=Info&amp;id=3050299
Virus,Lymphocytic choriomeningitis mammarenavirus,11623,https://www.ncbi.nlm.nih.gov/Taxonomy/Browser/wwwtax.cgi?mode=Info&amp;id=11623
Virus,Lyssavirus australis,90961,https://www.ncbi.nlm.nih.gov/Taxonomy/Browser/wwwtax.cgi?mode=Info&amp;id=90961
Virus,Lyssavirus duvenhage,38767,https://www.ncbi.nlm.nih.gov/Taxonomy/Browser/wwwtax.cgi?mode=Info&amp;id=38767
Virus,Lyssavirus mokola,12538,https://www.ncbi.nlm.nih.gov/Taxonomy/Browser/wwwtax.cgi?mode=Info&amp;id=12538
Virus,Lyssavirus rabies,11292,https://www.ncbi.nlm.nih.gov/Taxonomy/Browser/wwwtax.cgi?mode=Info&amp;id=11292
Virus,Machupo mammarenavirus,11628,https://www.ncbi.nlm.nih.gov/Taxonomy/Browser/wwwtax.cgi?mode=Info&amp;id=11628
Virus,Mammalian orthoreovirus,351073,https://www.ncbi.nlm.nih.gov/Taxonomy/Browser/wwwtax.cgi?mode=Info&amp;id=351073
Virus,Mammalian rubulavirus 5,1979162,https://www.ncbi.nlm.nih.gov/Taxonomy/Browser/wwwtax.cgi?mode=Info&amp;id=1979162
Virus,Mammarenavirus brazilense,3052299,https://www.ncbi.nlm.nih.gov/Taxonomy/Browser/wwwtax.cgi?mode=Info&amp;id=3052299
Virus,Mammarenavirus juninense,2169991,https://www.ncbi.nlm.nih.gov/Taxonomy/Browser/wwwtax.cgi?mode=Info&amp;id=2169991
Virus,Marburg marburgvirus,11269,https://www.ncbi.nlm.nih.gov/Taxonomy/Browser/wwwtax.cgi?mode=Info&amp;id=11269
Virus,Mayaro virus,59301,https://www.ncbi.nlm.nih.gov/Taxonomy/Browser/wwwtax.cgi?mode=Info&amp;id=59301
Virus,Metapneumovirus hominis,162145,https://www.ncbi.nlm.nih.gov/Taxonomy/Browser/wwwtax.cgi?mode=Info&amp;id=162145
Virus,Metapneumovirus hominis,3048148,https://www.ncbi.nlm.nih.gov/Taxonomy/Browser/wwwtax.cgi?mode=Info&amp;id=3048148
Virus,Middelburg virus,11023,https://www.ncbi.nlm.nih.gov/Taxonomy/Browser/wwwtax.cgi?mode=Info&amp;id=11023
Virus,Middle East respiratory syndrome-related coronavirus,1335626,https://www.ncbi.nlm.nih.gov/Taxonomy/Browser/wwwtax.cgi?mode=Info&amp;id=1335626
Virus,Molluscum contagiosum virus,10279,https://www.ncbi.nlm.nih.gov/Taxonomy/Browser/wwwtax.cgi?mode=Info&amp;id=10279
Virus,Monkeypox virus,10244,https://www.ncbi.nlm.nih.gov/Taxonomy/Browser/wwwtax.cgi?mode=Info&amp;id=10244
Virus,Morbillivirus hominis,11234,https://www.ncbi.nlm.nih.gov/Taxonomy/Browser/wwwtax.cgi?mode=Info&amp;id=11234
Virus,Morbillivirus hominis,3052345,https://www.ncbi.nlm.nih.gov/Taxonomy/Browser/wwwtax.cgi?mode=Info&amp;id=3052345
Virus,Mucambo virus,60875,https://www.ncbi.nlm.nih.gov/Taxonomy/Browser/wwwtax.cgi?mode=Info&amp;id=60875
Virus,Mumps rubulavirus,1979165,https://www.ncbi.nlm.nih.gov/Taxonomy/Browser/wwwtax.cgi?mode=Info&amp;id=1979165
Virus,Mupapillomavirus 1,334203,https://www.ncbi.nlm.nih.gov/Taxonomy/Browser/wwwtax.cgi?mode=Info&amp;id=334203
Virus,Nairobi sheep disease orthonairovirus,1980526,https://www.ncbi.nlm.nih.gov/Taxonomy/Browser/wwwtax.cgi?mode=Info&amp;id=1980526
Virus,Naples phlebovirus,2747931,https://www.ncbi.nlm.nih.gov/Taxonomy/Browser/wwwtax.cgi?mode=Info&amp;id=2747931
Virus,Nipah henipavirus,121791,https://www.ncbi.nlm.nih.gov/Taxonomy/Browser/wwwtax.cgi?mode=Info&amp;id=121791
Virus,Norwalk virus,11983,https://www.ncbi.nlm.nih.gov/Taxonomy/Browser/wwwtax.cgi?mode=Info&amp;id=11983
Virus,Onyong-nyong virus,2169701,https://www.ncbi.nlm.nih.gov/Taxonomy/Browser/wwwtax.cgi?mode=Info&amp;id=2169701
Virus,Orf virus,10258,https://www.ncbi.nlm.nih.gov/Taxonomy/Browser/wwwtax.cgi?mode=Info&amp;id=10258
Virus,Oropouche orthobunyavirus,1933309,https://www.ncbi.nlm.nih.gov/Taxonomy/Browser/wwwtax.cgi?mode=Info&amp;id=1933309
Virus,Orthoavulavirus javaense,2560319,https://www.ncbi.nlm.nih.gov/Taxonomy/Browser/wwwtax.cgi?mode=Info&amp;id=2560319
Virus,Orthoavulavirus javaense,3051375,https://www.ncbi.nlm.nih.gov/Taxonomy/Browser/wwwtax.cgi?mode=Info&amp;id=3051375
Virus,Orthobunyavirus bunyamweraense,3052381,https://www.ncbi.nlm.nih.gov/Taxonomy/Browser/wwwtax.cgi?mode=Info&amp;id=3052381
Virus,Orthobunyavirus cacheense,3052385,https://www.ncbi.nlm.nih.gov/Taxonomy/Browser/wwwtax.cgi?mode=Info&amp;id=3052385
Virus,Orthobunyavirus guaroaense,3052397,https://www.ncbi.nlm.nih.gov/Taxonomy/Browser/wwwtax.cgi?mode=Info&amp;id=3052397
Virus,Orthobunyavirus ileshaense,3052399,https://www.ncbi.nlm.nih.gov/Taxonomy/Browser/wwwtax.cgi?mode=Info&amp;id=3052399
Virus,Orthobunyavirus khatangaense,3052407,https://www.ncbi.nlm.nih.gov/Taxonomy/Browser/wwwtax.cgi?mode=Info&amp;id=3052407
Virus,Orthobunyavirus lacrosseense,3052409,https://www.ncbi.nlm.nih.gov/Taxonomy/Browser/wwwtax.cgi?mode=Info&amp;id=3052409
Virus,Orthobunyavirus oropoucheense,3052429,https://www.ncbi.nlm.nih.gov/Taxonomy/Browser/wwwtax.cgi?mode=Info&amp;id=3052429
Virus,Orthoebolavirus bundibugyoense,565995,https://www.ncbi.nlm.nih.gov/Taxonomy/Browser/wwwtax.cgi?mode=Info&amp;id=565995
Virus,Orthoebolavirus bundibugyoense,3052458,https://www.ncbi.nlm.nih.gov/Taxonomy/Browser/wwwtax.cgi?mode=Info&amp;id=3052458
Virus,Orthoebolavirus sudanense,186540,https://www.ncbi.nlm.nih.gov/Taxonomy/Browser/wwwtax.cgi?mode=Info&amp;id=186540
Virus,Orthoebolavirus sudanense,3052460,https://www.ncbi.nlm.nih.gov/Taxonomy/Browser/wwwtax.cgi?mode=Info&amp;id=3052460
Virus,Orthoebolavirus zairense,186538,https://www.ncbi.nlm.nih.gov/Taxonomy/Browser/wwwtax.cgi?mode=Info&amp;id=186538
Virus,Orthoebolavirus zairense,3052462,https://www.ncbi.nlm.nih.gov/Taxonomy/Browser/wwwtax.cgi?mode=Info&amp;id=3052462
Virus,Orthoflavivirus denguei,12637,https://www.ncbi.nlm.nih.gov/Taxonomy/Browser/wwwtax.cgi?mode=Info&amp;id=12637
Virus,Orthoflavivirus denguei,3052464,https://www.ncbi.nlm.nih.gov/Taxonomy/Browser/wwwtax.cgi?mode=Info&amp;id=3052464
Virus,Orthoflavivirus encephalitidis,11084,https://www.ncbi.nlm.nih.gov/Taxonomy/Browser/wwwtax.cgi?mode=Info&amp;id=11084
Virus,Orthoflavivirus encephalitidis,3052465,https://www.ncbi.nlm.nih.gov/Taxonomy/Browser/wwwtax.cgi?mode=Info&amp;id=3052465
Virus,Orthoflavivirus flavi,11089,https://www.ncbi.nlm.nih.gov/Taxonomy/Browser/wwwtax.cgi?mode=Info&amp;id=11089
Virus,Orthoflavivirus flavi,3046277,https://www.ncbi.nlm.nih.gov/Taxonomy/Browser/wwwtax.cgi?mode=Info&amp;id=3046277
Virus,Orthoflavivirus ilheusense,59563,https://www.ncbi.nlm.nih.gov/Taxonomy/Browser/wwwtax.cgi?mode=Info&amp;id=59563
Virus,Orthoflavivirus ilheusense,3052466,https://www.ncbi.nlm.nih.gov/Taxonomy/Browser/wwwtax.cgi?mode=Info&amp;id=3052466
Virus,Orthoflavivirus japonicum,11072,https://www.ncbi.nlm.nih.gov/Taxonomy/Browser/wwwtax.cgi?mode=Info&amp;id=11072
Virus,Orthoflavivirus japonicum,3048158,https://www.ncbi.nlm.nih.gov/Taxonomy/Browser/wwwtax.cgi?mode=Info&amp;id=3048158
Virus,Orthoflavivirus kyasanurense,33743,https://www.ncbi.nlm.nih.gov/Taxonomy/Browser/wwwtax.cgi?mode=Info&amp;id=33743
Virus,Orthoflavivirus kyasanurense,3048170,https://www.ncbi.nlm.nih.gov/Taxonomy/Browser/wwwtax.cgi?mode=Info&amp;id=3048170
Virus,Orthoflavivirus louisense,11080,https://www.ncbi.nlm.nih.gov/Taxonomy/Browser/wwwtax.cgi?mode=Info&amp;id=11080
Virus,Orthoflavivirus louisense,3052468,https://www.ncbi.nlm.nih.gov/Taxonomy/Browser/wwwtax.cgi?mode=Info&amp;id=3052468
Virus,Orthoflavivirus loupingi,11086,https://www.ncbi.nlm.nih.gov/Taxonomy/Browser/wwwtax.cgi?mode=Info&amp;id=11086
Virus,Orthoflavivirus loupingi,3048184,https://www.ncbi.nlm.nih.gov/Taxonomy/Browser/wwwtax.cgi?mode=Info&amp;id=3048184
Virus,Orthoflavivirus murrayense,11079,https://www.ncbi.nlm.nih.gov/Taxonomy/Browser/wwwtax.cgi?mode=Info&amp;id=11079
Virus,Orthoflavivirus murrayense,3048215,https://www.ncbi.nlm.nih.gov/Taxonomy/Browser/wwwtax.cgi?mode=Info&amp;id=3048215
Virus,Orthoflavivirus nilense,11082,https://www.ncbi.nlm.nih.gov/Taxonomy/Browser/wwwtax.cgi?mode=Info&amp;id=11082
Virus,Orthoflavivirus nilense,3048448,https://www.ncbi.nlm.nih.gov/Taxonomy/Browser/wwwtax.cgi?mode=Info&amp;id=3048448
Virus,Orthoflavivirus omskense,12542,https://www.ncbi.nlm.nih.gov/Taxonomy/Browser/wwwtax.cgi?mode=Info&amp;id=12542
Virus,Orthoflavivirus omskense,3048233,https://www.ncbi.nlm.nih.gov/Taxonomy/Browser/wwwtax.cgi?mode=Info&amp;id=3048233
Virus,Orthoflavivirus powassanense,11083,https://www.ncbi.nlm.nih.gov/Taxonomy/Browser/wwwtax.cgi?mode=Info&amp;id=11083
Virus,Orthoflavivirus powassanense,3048287,https://www.ncbi.nlm.nih.gov/Taxonomy/Browser/wwwtax.cgi?mode=Info&amp;id=3048287
Virus,Orthoflavivirus wesselsbronense,164416,https://www.ncbi.nlm.nih.gov/Taxonomy/Browser/wwwtax.cgi?mode=Info&amp;id=164416
Virus,Orthoflavivirus wesselsbronense,3048447,https://www.ncbi.nlm.nih.gov/Taxonomy/Browser/wwwtax.cgi?mode=Info&amp;id=3048447
Virus,Orthoflavivirus zikaense,64320,https://www.ncbi.nlm.nih.gov/Taxonomy/Browser/wwwtax.cgi?mode=Info&amp;id=64320
Virus,Orthoflavivirus zikaense,3048459,https://www.ncbi.nlm.nih.gov/Taxonomy/Browser/wwwtax.cgi?mode=Info&amp;id=3048459
Virus,Orthohantavirus andesense,1980456,https://www.ncbi.nlm.nih.gov/Taxonomy/Browser/wwwtax.cgi?mode=Info&amp;id=1980456
Virus,Orthohantavirus sinnombreense,44755,https://www.ncbi.nlm.nih.gov/Taxonomy/Browser/wwwtax.cgi?mode=Info&amp;id=44755
Virus,Orthohantavirus sinnombreense,3052499,https://www.ncbi.nlm.nih.gov/Taxonomy/Browser/wwwtax.cgi?mode=Info&amp;id=3052499
Virus,Orthonairovirus nairobiense,3052529,https://www.ncbi.nlm.nih.gov/Taxonomy/Browser/wwwtax.cgi?mode=Info&amp;id=3052529
Virus,Orthopneumovirus hominis,11250,https://www.ncbi.nlm.nih.gov/Taxonomy/Browser/wwwtax.cgi?mode=Info&amp;id=11250
Virus,Orthopneumovirus hominis,3049954,https://www.ncbi.nlm.nih.gov/Taxonomy/Browser/wwwtax.cgi?mode=Info&amp;id=3049954
Virus,Orthorubulavirus hominis,2560526,https://www.ncbi.nlm.nih.gov/Taxonomy/Browser/wwwtax.cgi?mode=Info&amp;id=2560526
Virus,Orthorubulavirus hominis,3052556,https://www.ncbi.nlm.nih.gov/Taxonomy/Browser/wwwtax.cgi?mode=Info&amp;id=3052556
Virus,Orthorubulavirus laryngotracheitidis,2560525,https://www.ncbi.nlm.nih.gov/Taxonomy/Browser/wwwtax.cgi?mode=Info&amp;id=2560525
Virus,Orthorubulavirus laryngotracheitidis,3052557,https://www.ncbi.nlm.nih.gov/Taxonomy/Browser/wwwtax.cgi?mode=Info&amp;id=3052557
Virus,Orungo virus,40058,https://www.ncbi.nlm.nih.gov/Taxonomy/Browser/wwwtax.cgi?mode=Info&amp;id=40058
Virus,Parechovirus A,1803956,https://www.ncbi.nlm.nih.gov/Taxonomy/Browser/wwwtax.cgi?mode=Info&amp;id=1803956
Virus,Parechovirus B,1803957,https://www.ncbi.nlm.nih.gov/Taxonomy/Browser/wwwtax.cgi?mode=Info&amp;id=1803957
Virus,Paslahepevirus balayani,1678143,https://www.ncbi.nlm.nih.gov/Taxonomy/Browser/wwwtax.cgi?mode=Info&amp;id=1678143
Virus,Pegivirus C,1985356,https://www.ncbi.nlm.nih.gov/Taxonomy/Browser/wwwtax.cgi?mode=Info&amp;id=1985356
Virus,Pegivirus hominis,3052608,https://www.ncbi.nlm.nih.gov/Taxonomy/Browser/wwwtax.cgi?mode=Info&amp;id=3052608
Virus,Phlebovirus napoliense,3052666,https://www.ncbi.nlm.nih.gov/Taxonomy/Browser/wwwtax.cgi?mode=Info&amp;id=3052666
Virus,Phlebovirus riftense,3052676,https://www.ncbi.nlm.nih.gov/Taxonomy/Browser/wwwtax.cgi?mode=Info&amp;id=3052676
Virus,Phlebovirus siciliaense,28292,https://www.ncbi.nlm.nih.gov/Taxonomy/Browser/wwwtax.cgi?mode=Info&amp;id=28292
Virus,Phlebovirus siciliaense,3052681,https://www.ncbi.nlm.nih.gov/Taxonomy/Browser/wwwtax.cgi?mode=Info&amp;id=3052681
Virus,Phlebovirus toscanaense,3052686,https://www.ncbi.nlm.nih.gov/Taxonomy/Browser/wwwtax.cgi?mode=Info&amp;id=3052686
Virus,Primate T-lymphotropic virus 1,194440,https://www.ncbi.nlm.nih.gov/Taxonomy/Browser/wwwtax.cgi?mode=Info&amp;id=194440
Virus,Primate T-lymphotropic virus 2,194441,https://www.ncbi.nlm.nih.gov/Taxonomy/Browser/wwwtax.cgi?mode=Info&amp;id=194441
Virus,Primate erythroparvovirus 1,1511900,https://www.ncbi.nlm.nih.gov/Taxonomy/Browser/wwwtax.cgi?mode=Info&amp;id=1511900
Virus,Pseudocowpox virus,129726,https://www.ncbi.nlm.nih.gov/Taxonomy/Browser/wwwtax.cgi?mode=Info&amp;id=129726
Virus,Punta Toro phlebovirus,1933186,https://www.ncbi.nlm.nih.gov/Taxonomy/Browser/wwwtax.cgi?mode=Info&amp;id=1933186
Virus,Puumala orthohantavirus,1980486,https://www.ncbi.nlm.nih.gov/Taxonomy/Browser/wwwtax.cgi?mode=Info&amp;id=1980486
Virus,Respirovirus laryngotracheitidis,12730,https://www.ncbi.nlm.nih.gov/Taxonomy/Browser/wwwtax.cgi?mode=Info&amp;id=12730
Virus,Respirovirus laryngotracheitidis,3049952,https://www.ncbi.nlm.nih.gov/Taxonomy/Browser/wwwtax.cgi?mode=Info&amp;id=3049952
Virus,Respirovirus pneumoniae,11216,https://www.ncbi.nlm.nih.gov/Taxonomy/Browser/wwwtax.cgi?mode=Info&amp;id=11216
Virus,Respirovirus pneumoniae,3049953,https://www.ncbi.nlm.nih.gov/Taxonomy/Browser/wwwtax.cgi?mode=Info&amp;id=3049953
Virus,Rhadinovirus humangamma8,37296,https://www.ncbi.nlm.nih.gov/Taxonomy/Browser/wwwtax.cgi?mode=Info&amp;id=37296
Virus,Rhadinovirus humangamma8,3050300,https://www.ncbi.nlm.nih.gov/Taxonomy/Browser/wwwtax.cgi?mode=Info&amp;id=3050300
Virus,Rhinovirus A,147711,https://www.ncbi.nlm.nih.gov/Taxonomy/Browser/wwwtax.cgi?mode=Info&amp;id=147711
Virus,Rhinovirus C,463676,https://www.ncbi.nlm.nih.gov/Taxonomy/Browser/wwwtax.cgi?mode=Info&amp;id=463676
Virus,Rift Valley fever phlebovirus,1933187,https://www.ncbi.nlm.nih.gov/Taxonomy/Browser/wwwtax.cgi?mode=Info&amp;id=1933187
Virus,Rosavirus A,1511805,https://www.ncbi.nlm.nih.gov/Taxonomy/Browser/wwwtax.cgi?mode=Info&amp;id=1511805
Virus,Roseolovirus humanbeta6a,32603,https://www.ncbi.nlm.nih.gov/Taxonomy/Browser/wwwtax.cgi?mode=Info&amp;id=32603
Virus,Roseolovirus humanbeta6a,3050296,https://www.ncbi.nlm.nih.gov/Taxonomy/Browser/wwwtax.cgi?mode=Info&amp;id=3050296
Virus,Roseolovirus humanbeta6b,32604,https://www.ncbi.nlm.nih.gov/Taxonomy/Browser/wwwtax.cgi?mode=Info&amp;id=32604
Virus,Roseolovirus humanbeta6b,3050297,https://www.ncbi.nlm.nih.gov/Taxonomy/Browser/wwwtax.cgi?mode=Info&amp;id=3050297
Virus,Roseolovirus humanbeta7,10372,https://www.ncbi.nlm.nih.gov/Taxonomy/Browser/wwwtax.cgi?mode=Info&amp;id=10372
Virus,Roseolovirus humanbeta7,3050298,https://www.ncbi.nlm.nih.gov/Taxonomy/Browser/wwwtax.cgi?mode=Info&amp;id=3050298
Virus,Ross River virus,11029,https://www.ncbi.nlm.nih.gov/Taxonomy/Browser/wwwtax.cgi?mode=Info&amp;id=11029
Virus,Rotavirus A,28875,https://www.ncbi.nlm.nih.gov/Taxonomy/Browser/wwwtax.cgi?mode=Info&amp;id=28875
Virus,Rotavirus B,28876,https://www.ncbi.nlm.nih.gov/Taxonomy/Browser/wwwtax.cgi?mode=Info&amp;id=28876
Virus,Rotavirus C,36427,https://www.ncbi.nlm.nih.gov/Taxonomy/Browser/wwwtax.cgi?mode=Info&amp;id=36427
Virus,Rubivirus rubellae,11041,https://www.ncbi.nlm.nih.gov/Taxonomy/Browser/wwwtax.cgi?mode=Info&amp;id=11041
Virus,Rubivirus rubellae,2846071,https://www.ncbi.nlm.nih.gov/Taxonomy/Browser/wwwtax.cgi?mode=Info&amp;id=2846071
Virus,Russian Spring-Summer encephalitis virus,64316,https://www.ncbi.nlm.nih.gov/Taxonomy/Browser/wwwtax.cgi?mode=Info&amp;id=64316
Virus,Salivirus A,1330524,https://www.ncbi.nlm.nih.gov/Taxonomy/Browser/wwwtax.cgi?mode=Info&amp;id=1330524
Virus,Sandfly fever Naples phlebovirus,1933189,https://www.ncbi.nlm.nih.gov/Taxonomy/Browser/wwwtax.cgi?mode=Info&amp;id=1933189
Virus,Sapporo virus,95342,https://www.ncbi.nlm.nih.gov/Taxonomy/Browser/wwwtax.cgi?mode=Info&amp;id=95342
Virus,Semliki Forest virus,11033,https://www.ncbi.nlm.nih.gov/Taxonomy/Browser/wwwtax.cgi?mode=Info&amp;id=11033
Virus,Seoul orthohantavirus,1980490,https://www.ncbi.nlm.nih.gov/Taxonomy/Browser/wwwtax.cgi?mode=Info&amp;id=1980490
Virus,Severe acute respiratory syndrome-related coronavirus,694009,https://www.ncbi.nlm.nih.gov/Taxonomy/Browser/wwwtax.cgi?mode=Info&amp;id=694009
Virus,Sicilian phlebovirus,2734473,https://www.ncbi.nlm.nih.gov/Taxonomy/Browser/wwwtax.cgi?mode=Info&amp;id=2734473
Virus,Simplexvirus humanalpha1,10298,https://www.ncbi.nlm.nih.gov/Taxonomy/Browser/wwwtax.cgi?mode=Info&amp;id=10298
Virus,Simplexvirus humanalpha1,3050292,https://www.ncbi.nlm.nih.gov/Taxonomy/Browser/wwwtax.cgi?mode=Info&amp;id=3050292
Virus,Simplexvirus humanalpha2,10310,https://www.ncbi.nlm.nih.gov/Taxonomy/Browser/wwwtax.cgi?mode=Info&amp;id=10310
Virus,Simplexvirus humanalpha2,3050293,https://www.ncbi.nlm.nih.gov/Taxonomy/Browser/wwwtax.cgi?mode=Info&amp;id=3050293
Virus,Simplexvirus macacinealpha1,10325,https://www.ncbi.nlm.nih.gov/Taxonomy/Browser/wwwtax.cgi?mode=Info&amp;id=10325
Virus,Simplexvirus macacinealpha1,3050305,https://www.ncbi.nlm.nih.gov/Taxonomy/Browser/wwwtax.cgi?mode=Info&amp;id=3050305
Virus,Sin Nombre orthohantavirus,1980491,https://www.ncbi.nlm.nih.gov/Taxonomy/Browser/wwwtax.cgi?mode=Info&amp;id=1980491
Virus,Sindbis virus,11034,https://www.ncbi.nlm.nih.gov/Taxonomy/Browser/wwwtax.cgi?mode=Info&amp;id=11034
Virus,Snowshoe hare orthobunyavirus,2560767,https://www.ncbi.nlm.nih.gov/Taxonomy/Browser/wwwtax.cgi?mode=Info&amp;id=2560767
Virus,Spondweni virus,64318,https://www.ncbi.nlm.nih.gov/Taxonomy/Browser/wwwtax.cgi?mode=Info&amp;id=64318
Virus,Tanapox virus,99000,https://www.ncbi.nlm.nih.gov/Taxonomy/Browser/wwwtax.cgi?mode=Info&amp;id=99000
Virus,Thogotovirus bourbonense,1618189,https://www.ncbi.nlm.nih.gov/Taxonomy/Browser/wwwtax.cgi?mode=Info&amp;id=1618189
Virus,Thogotovirus bourbonense,2956523,https://www.ncbi.nlm.nih.gov/Taxonomy/Browser/wwwtax.cgi?mode=Info&amp;id=2956523
Virus,Thogotovirus dhoriense,11318,https://www.ncbi.nlm.nih.gov/Taxonomy/Browser/wwwtax.cgi?mode=Info&amp;id=11318
Virus,Tonate virus,60877,https://www.ncbi.nlm.nih.gov/Taxonomy/Browser/wwwtax.cgi?mode=Info&amp;id=60877
Virus,Toscana phlebovirus,2734478,https://www.ncbi.nlm.nih.gov/Taxonomy/Browser/wwwtax.cgi?mode=Info&amp;id=2734478
Virus,Uukuniemi phlebovirus,1933191,https://www.ncbi.nlm.nih.gov/Taxonomy/Browser/wwwtax.cgi?mode=Info&amp;id=1933191
Virus,Uukuniemi uukuvirus,2749936,https://www.ncbi.nlm.nih.gov/Taxonomy/Browser/wwwtax.cgi?mode=Info&amp;id=2749936
Virus,Uukuvirus uukuniemiense,3052811,https://www.ncbi.nlm.nih.gov/Taxonomy/Browser/wwwtax.cgi?mode=Info&amp;id=3052811
Virus,Vaccinia virus,10245,https://www.ncbi.nlm.nih.gov/Taxonomy/Browser/wwwtax.cgi?mode=Info&amp;id=10245
Virus,Varicellovirus humanalpha3,10335,https://www.ncbi.nlm.nih.gov/Taxonomy/Browser/wwwtax.cgi?mode=Info&amp;id=10335
Virus,Varicellovirus humanalpha3,3050294,https://www.ncbi.nlm.nih.gov/Taxonomy/Browser/wwwtax.cgi?mode=Info&amp;id=3050294
Virus,Variola virus,10255,https://www.ncbi.nlm.nih.gov/Taxonomy/Browser/wwwtax.cgi?mode=Info&amp;id=10255
Virus,Venezuelan equine encephalitis virus,11036,https://www.ncbi.nlm.nih.gov/Taxonomy/Browser/wwwtax.cgi?mode=Info&amp;id=11036
Virus,Vesicular stomatitis virus,11276,https://www.ncbi.nlm.nih.gov/Taxonomy/Browser/wwwtax.cgi?mode=Info&amp;id=11276
Virus,Vesiculovirus chandipura,1972576,https://www.ncbi.nlm.nih.gov/Taxonomy/Browser/wwwtax.cgi?mode=Info&amp;id=1972576
Virus,Vesiculovirus isfahan,1972573,https://www.ncbi.nlm.nih.gov/Taxonomy/Browser/wwwtax.cgi?mode=Info&amp;id=1972573
Virus,Western equine encephalitis virus,11039,https://www.ncbi.nlm.nih.gov/Taxonomy/Browser/wwwtax.cgi?mode=Info&amp;id=11039
Virus,Whitewater Arroyo mammarenavirus,46919,https://www.ncbi.nlm.nih.gov/Taxonomy/Browser/wwwtax.cgi?mode=Info&amp;id=46919
Virus,Yaba monkey tumor virus,38804,https://www.ncbi.nlm.nih.gov/Taxonomy/Browser/wwwtax.cgi?mode=Info&amp;id=38804
Virus,,,
